"MUTS","GENE","POSITION","COEF","SE","Z","P","COUNTS","corrected_se","other_se","ci_hi","ci_lo","BH_PVAL"
"_cons","DRUG",16,-0.0889971,0.0473764,-1.878511,0.0603113,0,0.092857744,0.0252201844437628,0.003860644,-0.181854844,0.152118501111111
"ns[cluster12])","DRUG",17,0.3269079,0.0219531,14.89119,0,0,0.043028076,0.0014742335673442,0.369935976,0.283879824,0
"og2mic)","DRUG",18,0.7151713,0.02033,35.1781,0,0,0.0398468,0.000577915948249042,0.7550181,0.6753245,0
"ethA_t-73g","ethA",-73,-0.3320093,0.6408253,-0.5180963,0.604391,4,1.256017588,1.23688422318318,0.924008288,-1.588026888,0.777318736543909
"ethA_c-43t","ethA",-43,-3.280994,1.141692,-2.873801,0.0040557,2,2.23771632,0.397276137312046,-1.04327768,-5.51871032,0.0173706396226415
"ethA_g-30t","ethA",-30,0.7019998,0.7505252,0.9353448,0.3496106,2,1.471029392,0.802404895037064,2.173029192,-0.769029592,0.553566201355932
"ethA_c-28t","ethA",-28,-0.4712496,0.3790204,-1.243336,0.2137442,9,0.742879984,0.304841560854715,0.271630384,-1.214129584,0.385078836507937
"ethA_a-11g","ethA",-11,1.321754,0.3499497,3.776983,0.0001587,36,0.685901412,0.092653241473141,2.007655412,0.635852588,0.00101478591549296
"ethA_t-7c","ethA",-7,0.8453665,0.4158872,2.032682,0.0420846,7,0.815138912,0.204600209641428,1.660505412,0.030227588,0.116502490243902
"ethA_M1T","ethA",1,1.873975,0.2814821,6.657528,2.78e-11,20,0.551704916,0.0422802719462159,2.425679916,1.322270084,6.64273684210526e-10
"ethA_M1R","ethA",1,1.73529,0.2541658,6.827394,8.65e-12,26,0.498164968,0.0372273532894444,2.233454968,1.237125032,2.31005882352941e-10
"ethA_V8V","ethA",8,0.6884851,0.4901411,1.404667,0.1601202,14,0.960676556,0.348937541145349,1.649161656,-0.272191456,0.318835836842105
"ethA_I9T","ethA",9,1.248869,0.6249116,1.998474,0.0456653,4,1.224826736,0.312694532264441,2.473695736,0.024042264,0.123405036904762
"ethA_V10G","ethA",10,1.254735,1.3637,0.9200966,0.3575222,2,2.672852,1.48212785169777,3.927587,-1.418117,0.553566201355932
"ethA_G11D","ethA",11,1.772888,0.7938962,2.233148,0.0255392,2,1.556036552,0.355505354187315,3.328924552,0.216851448,0.0774566373333333
"ethA_G11V","ethA",11,0.8348628,0.6364739,1.3117,0.1896214,3,1.247488844,0.485228261914664,2.082351644,-0.412626044,0.359831169294606
"ethA_V17A","ethA",17,1.131201,0.6331381,1.786657,0.0739929,8,1.240950676,0.354370137289138,2.372151676,-0.109749676,0.178684981914894
"ethA_A19V","ethA",19,1.545595,0.8170918,1.89158,0.058547,2,1.601499928,0.43196245434751,3.147094928,-0.0559049279999999,0.150691016853933
"ethA_W21R","ethA",21,2.719006,1.063565,2.556502,0.010573,1,2.0845874,0.416023542877434,4.8035934,0.6344186,0.0393454262295082
"ethA_H22D","ethA",22,0.8786799,1.063812,0.8259727,0.4088196,1,2.08507152,1.28795022094394,2.96375142,-1.20639162,0.602610709090909
"ethA_L23R","ethA",23,2.11735,1.72499,1.227456,0.2196512,1,3.3809804,1.4053370959454,5.4983304,-1.2636304,0.389537675
"ethA_C27Y:Rv3083_1358_indel","ethA",27,0.0592871,1.359415,0.0436122,0.9652135,2,2.6644534,31.170509979827,2.7237405,-2.6051663,0.988466878747204
"ethA_Y32D","ethA",32,1.49288,0.3521041,4.239882,2.24e-05,16,0.690124036,0.0830457218509257,2.183004036,0.802755964,0.000184901818181818
"ethA_A33G","ethA",33,0.3095944,0.4535033,0.682673,0.4948135,6,0.888866468,0.664305436761421,1.198460868,-0.579272068,0.687964248929664
"ethA_A33A","ethA",33,-0.3446711,0.8539832,-0.4036041,0.6865039,2,1.673807072,2.11589340064264,1.329135972,-2.018478172,0.840088330458221
"ethA_L35R","ethA",35,3.436131,0.405433,8.475214,0,10,0.79464868,0.0478375002259809,4.23077968,2.64148232,0
"ethA_L35V","ethA",35,1.900085,0.6760496,2.81057,0.0049454,3,1.325057216,0.240538218900818,3.225142216,0.575027784,0.020598271559633
"ethA_G42S","ethA",42,-0.8446711,0.853385,-0.989789,0.3222772,2,1.6726346,0.862188795408059,0.8279635,-2.5173057,0.526308808633093
"ethA_G43S:Rv3083_P382L","ethA",43,3.551745,0.8215343,4.323308,1.54e-05,2,1.610207228,0.190024510790186,5.161952228,1.941537772,0.000138870588235294
"ethA_G43A","ethA",43,1.719006,1.063565,1.616268,0.1060364,1,2.0845874,0.658037557300556,3.8035934,-0.3655814,0.23369187184466
"ethA_G43V","ethA",43,0.0980938,0.8678931,0.1130252,0.9100106,2,1.701070476,7.67875679224997,1.799164276,-1.602976676,0.956023180689655
"ethA_T44A","ethA",44,2.030942,0.908256,2.23609,0.0253459,3,1.78018176,0.406180462827594,3.81112376,0.25076024,0.0774566373333333
"ethA_W45!","ethA",45,4.139931,1.500031,2.759897,0.005782,1,2.94006076,0.543509783366196,7.07999176,1.19987024,0.02343775
"ethA_F48S","ethA",48,1.993935,1.14292,1.744597,0.0810551,2,2.2401232,0.655119713731892,4.2340582,-0.2461882,0.187747206091371
"ethA_49_indel","ethA",49,2.438148,0.7713596,3.160845,0.0015731,3,1.511864816,0.244035896308247,3.950012816,0.926283184,0.00793541555555556
"ethA_Y50C","ethA",50,1.917071,0.4253585,4.506954,6.58e-06,7,0.83370266,0.0943782747338257,2.75077366,1.08336834,6.63848888888889e-05
"ethA_P51H","ethA",51,1.804044,0.6791131,2.65647,0.0078963,6,1.331061676,0.255644874843191,3.135105676,0.472982324,0.0309044844827586
"ethA_P51R","ethA",51,0.8493797,0.5646749,1.504192,0.1325319,4,1.106762804,0.37540071029483,1.956142504,-0.257383104,0.277278721658986
"ethA_S55P","ethA",55,3.282257,1.068248,3.072562,0.0021223,2,2.09376608,0.347673503172969,5.37602308,1.18849092,0.01014236
"ethA_S55A","ethA",55,0.8219848,0.5206483,1.578772,0.1143885,5,1.020470668,0.329780614304413,1.842455468,-0.198485868,0.244964051886792
"ethA_D56A","ethA",56,1.480168,0.6132977,2.413458,0.0158019,3,1.202063492,0.25411579552138,2.682231492,0.278104508,0.0539403203007519
"ethA_S57Y","ethA",57,0.8661014,0.4585656,1.888719,0.0589295,7,0.898788576,0.242791905778423,1.764889976,-0.032687176,0.150691016853933
"ethA_D58A","ethA",58,0.7269775,0.7524758,0.9661142,0.3339871,2,1.474852568,0.778868437586638,2.201830068,-0.747875068,0.541536226428571
"ethA_M59T","ethA",59,-0.559893,0.6652415,-0.8416386,0.3999903,3,1.30387334,0.790412191833529,0.74398034,-1.86376634,0.593449660784314
"ethA_T61M","ethA",61,1.479047,0.4836851,3.057871,0.0022292,6,0.948022796,0.158177039649186,2.427069796,0.531024204,0.010343787755102
"ethA_T61R:Rv3083_H168P","ethA",61,-0.9910193,1.145018,-0.8655055,0.3867614,1,2.24423528,1.32294721235399,1.25321598,-3.23525458,0.581422766887417
"ethA_66_indel","ethA",66,2.71261,0.7967795,3.404467,0.0006629,4,1.56168782,0.234039383332012,4.27429782,1.15092218,0.00367020243902439
"ethA_W69!","ethA",69,1.058144,1.504077,0.7035168,0.4817337,1,2.94799092,2.1379392804089,4.00613492,-1.88984692,0.679214595652174
"ethA_T70S","ethA",70,0.1873572,1.141927,0.1640711,0.8696752,8,2.23817692,6.95995282449246,2.42553412,-2.05081972,0.935622134597156
"ethA_A74E","ethA",74,-0.642274,0.527782,-1.21693,0.2236307,5,1.03445272,0.433699386124925,0.39217872,-1.67672672,0.393520689147287
"ethA_D77G","ethA",77,0.412769,0.338063,1.220982,0.2220927,12,0.66260348,0.276877846856232,1.07537248,-0.24983448,0.392334964202335
"ethA_Y84!","ethA",84,1.229052,0.6724962,1.827597,0.0676101,3,1.318092552,0.367967457043673,2.547144552,-0.0890405519999999,0.166820572826087
"ethA_85_indel","ethA",85,0.8068143,1.063664,0.7585233,0.4481377,3,2.08478144,1.40228191901904,2.89159574,-1.27796714,0.642823326182965
"ethA_T88P","ethA",88,3.430426,0.6863979,4.997722,5.8e-07,3,1.345339884,0.137342148504125,4.775765884,2.085086116,7.31444444444444e-06
"ethA_A89E","ethA",89,1.921767,0.4348318,4.419566,9.89e-06,11,0.852270328,0.0983879389599468,2.774037328,1.069496672,9.35429166666667e-05
"ethA_H102P","ethA",102,3.086298,0.8006094,3.854936,0.0001158,2,1.569194424,0.207684226010696,4.655492424,1.517103576,0.000773135294117647
"ethA_V104V","ethA",104,0.8093494,1.063476,0.7610418,0.4466321,1,2.08441296,1.39739549146018,2.89376236,-1.27506356,0.642823326182965
"ethA_I105L","ethA",105,-0.2935722,0.7515879,-0.3906026,0.696091,2,1.473112284,1.92417528439822,1.179540084,-1.766684484,0.848040280533333
"ethA_W109!","ethA",109,0.8068143,1.063664,0.7585233,0.4481377,1,2.08478144,1.40228191901904,2.89159574,-1.27796714,0.642823326182965
"ethA_W109C","ethA",109,0.1131755,0.8573318,0.132009,0.8949772,2,1.680370328,6.49449585194004,1.793545828,-1.567194828,0.949863785514019
"ethA_A112G","ethA",112,-1.193509,0.7996526,-1.492534,0.1355592,2,1.567319096,0.535768293902065,0.373810096,-2.760828096,0.279477469683258
"ethA_113_indel","ethA",113,1.623653,0.2148478,7.557226,4.11e-14,31,0.421101688,0.0284294594749248,2.044754688,1.202551312,1.69630909090909e-12
"ethA_W116!","ethA",116,-0.7118664,0.7854721,-0.9062911,0.3647818,2,1.539525316,0.866688496434738,0.827658916,-2.251391716,0.559496409459459
"ethA_V118G","ethA",118,2.153116,0.5390816,3.994046,6.5e-05,4,1.056599936,0.134971349178846,3.209715936,1.096516064,0.000483770491803279
"ethA_I120V","ethA",120,0.5889971,0.7530075,0.7821929,0.4341012,2,1.4758947,0.962687753566614,2.0648918,-0.8868976,0.633704002572347
"ethA_I120I","ethA",120,-0.0129898,0.7530061,-0.0172506,0.9862367,2,1.475891956,43.6510328594135,1.462902156,-1.488881756,0.9941074
"ethA_T125M","ethA",125,-0.4757437,0.7858317,-0.6054015,0.5449122,3,1.540230132,1.2980339218888,1.064486432,-2.015973832,0.729764421238938
"ethA_129_indel","ethA",129,2.357862,0.7820587,3.014942,0.0025703,2,1.532835052,0.25939423522059,3.890697052,0.825026948,0.0115536257425743
"ethA_C131!","ethA",131,4.655329,1.498755,3.10613,0.0018955,1,2.9375598,0.482515102589957,7.5928888,1.7177692,0.00935388043478261
"ethA_E132!","ethA",132,1.892405,1.499837,1.261741,0.207042,1,2.93968052,1.18870486316037,4.83208552,-1.04727552,0.377498265060241
"ethA_L134R","ethA",134,2.474187,0.8439285,2.931749,0.0033706,2,1.65409986,0.287858319970257,4.12828686,0.82008714,0.0145738323809524
"ethA_L134P","ethA",134,0.5346402,0.6218919,0.8596996,0.3899547,3,1.218908124,0.723382819484225,1.753548324,-0.684267924,0.584054871052632
"ethA_L136R","ethA",136,3.864877,1.00221,3.856353,0.0001151,2,1.9643316,0.259885342819448,5.8292086,1.9005454,0.000773135294117647
"ethA_C137R","ethA",137,1.983405,0.4660032,4.256205,2.08e-05,7,0.913366272,0.109487967616417,2.896771272,1.070038728,0.000174874074074074
"ethA_C137Y","ethA",137,1.38155,0.5750744,2.402384,0.0162886,3,1.127145824,0.239376472465969,2.508695824,0.254404176,0.0551867492537313
"ethA_S138R","ethA",138,0.2905775,1.084502,0.2679363,0.7887483,1,2.12562392,4.04761066498267,2.41620142,-1.83504642,0.904997455639098
"ethA_G139D","ethA",139,0.0654596,0.8523459,0.0767993,0.9387832,3,1.670597964,11.0983497187091,1.736057564,-1.605138364,0.970860074715262
"ethA_Y140!","ethA",140,1.602322,0.3621929,4.423946,9.69e-06,11,0.709898084,0.0818709952246864,2.312220084,0.892423916,9.35429166666667e-05
"ethA_N142N","ethA",142,-0.2166266,0.6663576,-0.3250906,0.7451125,3,1.306060896,2.04975959128639,1.089434296,-1.522687496,0.877048110077519
"ethA_D144D:ethA_G371C","ethA",144,-0.1305646,0.7583107,-0.1721782,0.8632974,2,1.486288972,4.40421919673855,1.355724372,-1.616853572,0.93096679239905
"ethA_Y147!","ethA",147,2.324153,0.4735158,4.908291,9.19e-07,6,0.928090968,0.0964726559953841,3.252243968,1.396062032,1.12763783783784e-05
"ethA_Y147S","ethA",147,2.212095,0.9122409,2.424902,0.0153125,3,1.787992164,0.376196980524259,4.000087164,0.424102836,0.0536481323076923
"ethA_A152V","ethA",152,-0.0796771,0.7555436,-0.1054567,0.9160134,2,1.480865456,7.16449433401768,1.401188356,-1.560542556,0.956023180689655
"ethA_153_indel","ethA",153,1.454149,0.5357981,2.713988,0.0066479,4,1.050164276,0.19742103729646,2.504313276,0.403984724,0.0267092619469027
"ethA_G159G:ethA_A20A","ethA",159,0.076983,0.93779,0.0820899,0.9345753,2,1.8380684,11.4239518348207,1.9150514,-1.7610854,0.968727993607306
"ethA_I161V","ethA",161,0.6868556,0.430613,1.595065,0.1106978,8,0.84400148,0.26996584983656,1.53085708,-0.15714588,0.240463163636364
"ethA_P164L","ethA",164,2.835976,0.7951044,3.566796,0.0003614,2,1.558404624,0.222918320500371,4.394380624,1.277571376,0.00214087532467532
"ethA_Q165P","ethA",165,1.083815,0.4488989,2.414386,0.0157618,7,0.879841844,0.185926770178684,1.963656844,0.203973156,0.0539403203007519
"ethA_Q165E","ethA",165,0.9870102,0.7530061,1.31076,0.1899389,2,1.475891956,0.574480574402585,2.462902156,-0.488881756,0.359831169294606
"ethA_Q165!","ethA",165,0.9744317,1.063855,0.9159443,0.3596961,1,2.0851558,1.1614846489754,3.0595875,-1.1107241,0.553566201355932
"ethA_G182C","ethA",182,2.229237,0.8795102,2.534635,0.0112565,2,1.723839992,0.346996838785665,3.953076992,0.505397008,0.041213314516129
"ethA_G184D","ethA",184,1.355822,0.8222616,1.648893,0.0991695,2,1.611632736,0.498674707177314,2.967454736,-0.255810736,0.223079193069307
"ethA_A185V","ethA",185,0.9744317,1.063855,0.9159443,0.3596961,1,2.0851558,1.1614846489754,3.0595875,-1.1107241,0.553566201355932
"ethA_V188I","ethA",188,-0.1668962,0.4864525,-0.3430884,0.7315319,6,0.9534469,1.41786352688827,0.7865507,-1.1203431,0.873988112105263
"ethA_L190P","ethA",190,1.303426,0.6650674,1.95984,0.0500145,3,1.303532104,0.339347724030946,2.606958104,-0.000106103999999885,0.133568135294118
"ethA_P192S","ethA",192,1.051004,0.4336298,2.423736,0.0153618,25,0.849914408,0.178909693443641,1.900918408,0.201089592,0.0536481323076923
"ethA_P192T","ethA",192,0.4714088,0.4818977,0.9782342,0.3279585,6,0.944519492,0.492619979230956,1.415928292,-0.473110692,0.53366723655914
"ethA_P192P","ethA",192,-1.23832,0.7702699,-1.607645,0.107913,2,1.509729004,0.479129561701345,0.271409004,-2.748049004,0.235540875
"ethA_196_indel","ethA",196,2.638792,0.4931694,5.350681,8.76e-08,6,0.966612024,0.092169468869225,3.605404024,1.672179976,1.32568e-06
"ethA_M204V","ethA",204,1.964271,1.499719,1.309759,0.1902774,1,2.93944924,1.1450339993621,4.90372024,-0.97517824,0.359831169294606
"ethA_M204T","ethA",204,1.129122,0.6420322,1.758669,0.0786338,4,1.258383112,0.365067145832638,2.387505112,-0.129261112,0.184972773056995
"ethA_L205L","ethA",205,-0.1906506,1.063476,-0.1792713,0.8577247,1,2.08441296,5.93221947676011,1.89376236,-2.27506356,0.929074463809524
"ethA_Q206P","ethA",206,3.474034,0.9004905,3.857935,0.0001143,2,1.76496138,0.233412551687822,5.23899538,1.70907262,0.000773135294117647
"ethA_R207C","ethA",207,2.385365,0.7814314,3.052559,0.002269,2,1.531605544,0.255992283321823,3.916970544,0.853759456,0.0104053131313131
"ethA_R207S","ethA",207,2.140007,0.7556531,2.831997,0.0046258,2,1.481080076,0.266826981191935,3.621087076,0.658926924,0.0194454925925926
"ethA_R207G","ethA",207,0.8786799,0.8547453,1.028002,0.3039489,2,1.675300788,0.831462661057901,2.553980688,-0.796620888,0.501792002181818
"ethA_T210T","ethA",210,-0.1770573,0.5766049,-0.3070687,0.7587911,4,1.130145604,1.87777183264406,0.953088304,-1.307202904,0.885581386632391
"ethA_Y211C","ethA",211,2.390868,0.777193,3.076286,0.002096,2,1.52329828,0.252640028328205,3.91416628,0.86756972,0.0101232340425532
"ethA_Y211S","ethA",211,2.054614,0.6921413,2.968489,0.0029927,5,1.356596948,0.233162812657604,3.411210948,0.698017052,0.0130642865384615
"ethA_Y211D","ethA",211,-0.0487326,0.6664097,-0.0731271,0.9417049,3,1.306163012,9.11303497564443,1.257430412,-1.354895612,0.971668237727273
"ethA_D219G","ethA",219,1.737366,0.7955787,2.183776,0.0289787,2,1.559334252,0.364313258054831,3.296700252,0.178031748,0.0865548013157895
"ethA_L225H","ethA",225,2.955408,0.8779256,3.366353,0.0007617,2,1.720734176,0.260794231840531,4.676142176,1.234673824,0.00416640722891566
"ethA_L229P","ethA",229,0.6664025,0.5756761,1.1576,0.2470274,3,1.128325156,0.497301513891695,1.794727656,-0.461922656,0.426427526996198
"ethA_T232A","ethA",232,2.224894,1.080515,2.059105,0.0394841,1,2.1178094,0.524749792675516,4.3427034,0.1070846,0.111340257142857
"ethA_V238I","ethA",238,-3.025568,1.49922,-2.018095,0.0435814,1,2.9384712,0.742888809109562,-0.0870967999999999,-5.9640392,0.119192503614458
"ethA_W240!","ethA",240,1.43067,0.7436087,1.923955,0.0543602,2,1.457473052,0.386499960658775,2.888143052,-0.026803052,0.141836383908046
"ethA_L244P","ethA",244,0.594969,0.3861444,1.540794,0.1233669,9,0.756843024,0.250613893583296,1.351812024,-0.161874024,0.260965746046512
"ethA_L244L","ethA",244,-0.6761143,0.7702298,-0.8778086,0.3800476,3,1.509650408,0.877446231810272,0.833536108,-2.185764708,0.578522245182724
"ethA_R245R:Rv3083_H22D","ethA",245,-0.1973317,0.1605256,-1.229284,0.2189652,57,0.314630176,0.130584534848481,0.117298476,-0.511961876,0.389537675
"ethA_Q246!","ethA",246,-0.5164407,0.7708604,-0.6699536,0.5028874,3,1.510886384,1.1506175951821,0.994445684,-2.027327084,0.69185115030303
"ethA_A247P","ethA",247,0.9923164,0.7576227,1.309777,0.1902714,2,1.484940492,0.578436631255202,2.477256892,-0.492624092,0.359831169294606
"ethA_V249V:Rv3083_L353L","ethA",249,-1.025568,0.7726101,-1.327407,0.1843739,3,1.514315796,0.582044649035471,0.488747796,-2.539883796,0.35855038034188
"ethA_Y250!","ethA",250,1.30547,0.4843036,2.695562,0.007027,6,0.949235056,0.1796670754387,2.254705056,0.356234944,0.0278313843478261
"ethA_C253!","ethA",253,1.378637,0.6078293,2.268131,0.0233212,4,1.191345428,0.267986756440231,2.569982428,0.187291572,0.0735265611111111
"ethA_Q254!","ethA",254,2.843786,1.509847,1.883493,0.0596336,1,2.95930012,0.801620784197193,5.80308612,-0.11551412,0.151249465921788
"ethA_Q254P","ethA",254,2.051137,0.5298809,3.870941,0.0001084,7,1.038566564,0.136886891604417,3.089703564,1.012570436,0.000757132307692308
"ethA_W256!","ethA",256,1.306814,0.7273936,1.796571,0.0724038,4,1.425691456,0.404878926397299,2.732505456,-0.118877456,0.175782487700535
"ethA_P257S","ethA",257,1.292554,0.7519324,1.718976,0.0856187,2,1.473787504,0.437430338825117,2.766341504,-0.181233504,0.195331104522613
"ethA_M260I","ethA",260,1.225956,0.5648086,2.170568,0.0299638,4,1.107024856,0.260212238150439,2.332980856,0.118931144,0.088334838961039
"ethA_S266R","ethA",266,-0.5728285,0.0774278,-7.398223,1.38e-13,336,0.151758488,0.0104657226601679,-0.421070012,-0.724586988,5.221e-12
"ethA_Q269!","ethA",269,1.537104,1.175522,1.307592,0.1910117,2,2.30402312,0.898997057117801,3.84112712,-0.76691912,0.359831169294606
"ethA_269_indel","ethA",269,0.8378313,0.4708872,1.779261,0.0751969,5,0.922938912,0.264653224490229,1.760770212,-0.0851076120000001,0.179681013684211
"ethA_Y276H","ethA",276,0.1181281,0.6673318,0.1770155,0.8594962,3,1.307970328,3.76990513934652,1.426098428,-1.189842228,0.929074463809524
"ethA_H281R","ethA",281,0.9200174,0.4951576,1.858029,0.0631648,5,0.970508896,0.266496099788721,1.890526296,-0.0504914959999999,0.158312793406593
"ethA_H281P","ethA",281,0.6564494,0.2862547,2.293236,0.0218344,20,0.561059212,0.124825696043122,1.217508612,0.095390188,0.0703036709219858
"ethA_F282V","ethA",282,1.837725,0.7506515,2.448174,0.0143582,2,1.47127694,0.306616971773388,3.30900194,0.36644806,0.0513277385826772
"ethA_282_indel","ethA",282,1.784223,0.9136915,1.952764,0.0508476,2,1.79083534,0.467896757956965,3.57505834,-0.00661233999999999,0.13499889122807
"ethA_N287K","ethA",287,-0.8446711,0.7517378,-1.123625,0.2611723,4,1.473406088,0.669029306139206,0.628734988,-2.318077188,0.444090727340824
"ethA_P288S","ethA",288,1.964271,1.499719,1.309759,0.1902774,1,2.93944924,1.1450339993621,4.90372024,-0.97517824,0.359831169294606
"ethA_W289!","ethA",289,1.704442,0.7214696,2.362458,0.0181542,3,1.414080416,0.305389320213982,3.118522416,0.290361584,0.0606029911764706
"ethA_R292R","ethA",292,-0.9944168,0.7968124,-1.247994,0.2120334,2,1.561752304,0.638474732922613,0.567335504,-2.556169104,0.383518580079681
"ethA_F302V","ethA",302,2.358092,0.7921526,2.976815,0.0029126,2,1.552619096,0.266107404497687,3.910711096,0.805472904,0.0128380621359223
"ethA_F302F:Rv3083_N349K","ethA",302,0.4747888,0.8801208,0.5394587,0.5895704,2,1.725036768,1.63148882743788,2.199825568,-1.250247968,0.769152188505747
"ethA_T314A","ethA",314,3.515398,0.918051,3.829197,0.0001286,2,1.79937996,0.239750275388733,5.31477796,1.71601804,0.000846150724637681
"ethA_T314I","ethA",314,0.6216178,0.1857607,3.346337,0.0008189,45,0.364090972,0.0555116627363148,0.985708772,0.257526828,0.00442595952380952
"ethA_316_indel","ethA",316,-0.3231268,0.6289787,-0.5137325,0.607439,3,1.232798252,1.22433114509131,0.909671452,-1.555925052,0.779031937853107
"ethA_T321P","ethA",321,2.388632,0.3411754,7.001184,2.54e-12,27,0.668703784,0.0487310952734285,3.057335784,1.719928216,7.264e-11
"ethA_R331R","ethA",331,-0.8816389,0.4991861,-1.766153,0.0773702,5,0.978404756,0.282640389884351,0.096765856,-1.860043656,0.182948285416667
"ethA_P334A","ethA",334,-0.1517015,0.1732278,-0.8757339,0.3811747,51,0.339526488,0.19780866169972,0.187824988,-0.491227988,0.578522245182724
"ethA_A341V","ethA",341,2.138897,0.3466348,6.170463,6.81e-10,12,0.679404208,0.0561764706627014,2.818301208,1.459492792,1.236696e-08
"ethA_A341E","ethA",341,1.792554,0.7521718,2.383171,0.0171642,2,1.474256728,0.315618060440712,3.266810728,0.318297272,0.0577225688888889
"ethA_342_indel","ethA",342,0.5792727,0.3308905,1.750648,0.0800066,12,0.64854538,0.189010327934063,1.22781808,-0.06927268,0.186435216410256
"ethA_T342M","ethA",342,0.359417,0.7535388,0.4769721,0.633382,2,1.476936048,1.5798382466757,1.836353048,-1.117519048,0.807739966292135
"ethA_N345K","ethA",345,-0.8727108,0.3873415,-2.253078,0.0242542,132,0.75918934,0.17191655886721,-0.11352146,-1.63190014,0.0759407365517241
"ethA_Q347!","ethA",347,2.748671,1.063709,2.584044,0.0097649,1,2.08486964,0.411645059259911,4.83354064,0.66380136,0.0366385504132231
"ethA_L348F","ethA",348,0.339401,0.3621524,0.9371772,0.3486674,9,0.709818704,0.386428916902897,1.049219704,-0.370417704,0.553566201355932
"ethA_F349F","ethA",349,-0.5331701,0.7548884,-0.70629,0.4800078,2,1.479581264,1.068808052917,0.946411164,-2.012751364,0.678889536448598
"ethA_G351V","ethA",351,1.574343,1.065543,1.477503,0.1395408,1,2.08846428,0.721178221549561,3.66280728,-0.51412128,0.285367221621622
"ethA_G351G","ethA",351,-0.030977,0.8545297,-0.0362504,0.9710827,2,1.674878212,23.5730060426152,1.643901212,-1.705855212,0.988466878747204
"ethA_Q359!","ethA",359,1.9833,0.6393971,3.101828,0.0019233,3,1.253218316,0.206135557650587,3.236518316,0.730081684,0.00938901290322581
"ethA_T365M","ethA",365,-0.3446711,0.6135791,-0.5617387,0.5742941,3,1.202615036,1.09228569484593,0.857943936,-1.547286136,0.757860489275362
"ethA_367_indel","ethA",367,3.507792,0.4774823,7.346434,2.04e-13,7,0.935865308,0.0649951156776941,4.443657308,2.571926692,7.12430769230769e-12
"ethA_Y369C","ethA",369,2.008175,1.059151,1.896023,0.057957,2,2.07593596,0.558617073114146,4.08411096,-0.0677609599999998,0.150357017142857
"ethA_L374H","ethA",374,1.315003,0.8539542,1.539898,0.1235851,2,1.673750232,0.554552176457118,2.988753232,-0.358747232,0.260965746046512
"ethA_L374F","ethA",374,1.192111,0.9156361,1.301948,0.1929341,1,1.794646756,0.703281378683034,2.986757756,-0.602535756,0.361950749586777
"ethA_L374R","ethA",374,0.9690846,0.7593911,1.276134,0.2019082,2,1.488406556,0.595071723107776,2.457491156,-0.519321956,0.369622269354839
"ethA_S375Y","ethA",375,1.564794,1.650502,0.9480715,0.3430931,1,3.23498392,1.74090445899205,4.79977792,-1.67018992,0.552943665248227
"ethA_P378L","ethA",378,0.423633,0.243155,1.742235,0.0814674,47,0.4765838,0.139565033944476,0.9002168,-0.0529508,0.187747206091371
"ethA_N379D","ethA",379,1.787643,0.4980001,3.589644,0.0003311,7,0.976080196,0.138732453627492,2.763723196,0.811562804,0.0020591698630137
"ethA_N379K","ethA",379,1.736499,0.3371893,5.149923,2.61e-07,16,0.660891028,0.065474626840839,2.397390028,1.075607972,3.38554285714286e-06
"ethA_A381P","ethA",381,0.6975772,0.157119,4.439803,9e-06,186,0.30795324,0.0353887428674561,1.00553044,0.38962396,8.88260869565217e-05
"ethA_386_indel","ethA",386,1.950424,0.4793767,4.068668,4.73e-05,5,0.939578332,0.117821571362376,2.890002332,1.010845668,0.000376740350877193
"ethA_Y386C","ethA",386,0.3060336,0.7481802,0.4090374,0.6825122,2,1.466433192,1.82912468327674,1.772466792,-1.160399592,0.837460915675676
"ethA_T387T","ethA",387,-0.2513293,1.063709,-0.2362763,0.8132182,1,2.08486964,4.50196947463348,1.83354034,-2.33619894,0.907127918427518
"ethA_S390F","ethA",390,2.201201,0.3368774,6.534132,6.4e-11,22,0.660279704,0.0515565741750799,2.861480704,1.540921296,1.4528e-09
"ethA_W391!","ethA",391,2.737386,0.4028096,6.795732,1.08e-11,9,0.789506816,0.0592739108960738,3.526892816,1.947879184,2.724e-10
"ethA_T392R","ethA",392,2.155329,0.853385,2.525623,0.0115493,2,1.6726346,0.337890854818452,3.8279636,0.4826944,0.0419470576
"ethA_T392A","ethA",392,0.1953849,0.6891574,0.2835127,0.7767839,2,1.350748504,2.4307810991267,1.546133404,-1.155363604,0.899642578061224
"ethA_L393R","ethA",393,-1.945441,0.8714744,-2.232356,0.0255914,2,1.708089824,0.390383275491449,-0.237351176,-3.653530824,0.0774566373333333
"ethA_D396G","ethA",396,3.260442,0.9139876,3.567271,0.0003607,2,1.791415696,0.256214750317215,5.051857696,1.469026304,0.00214087532467532
"ethA_L397R","ethA",397,1.215594,0.6185921,1.965098,0.0494029,3,1.212440516,0.314789466040808,2.428034516,0.00315348400000004,0.132715482840237
"ethA_L397P","ethA",397,1.157009,0.5646576,2.049045,0.0404577,4,1.106728896,0.275571067500564,2.263737896,0.050280104,0.113381455555556
"ethA_S399L","ethA",399,2.17401,0.5749179,3.781426,0.0001559,4,1.126839084,0.152037291337395,3.300849084,1.047170916,0.00101112285714286
"ethA_S399!","ethA",399,1.900594,0.4201157,4.523977,6.07e-06,27,0.823426772,0.0928642315962746,2.724020772,1.077167228,6.26313636363636e-05
"ethA_C403W","ethA",403,1.296094,0.7405236,1.75024,0.0800768,5,1.451426256,0.423098326322751,2.747520256,-0.155332256,0.186435216410256
"ethA_Y408!","ethA",408,1.285237,0.7516361,1.709919,0.0872809,2,1.473206756,0.439574044960743,2.758443756,-0.187969756,0.198127643
"ethA_G413D","ethA",413,-1.001823,1.065429,-0.9402999,0.3470638,1,2.08824084,1.13307336130334,1.08641784,-3.09006384,0.553566201355932
"ethA_F414L","ethA",414,-0.3446711,0.6142964,-0.5610827,0.5747411,3,1.204020944,1.09484104426788,0.859349844,-1.548692044,0.757860489275362
"ethA_D415D","ethA",415,0.0078552,1.063623,0.0073853,0.9941074,1,2.08470108,144.018470074473,2.09255628,-2.07684588,0.9941074
"ethA_G423R","ethA",423,-0.5344727,0.2639699,-2.024749,0.0428932,26,0.517381004,0.13037168803198,-0.017091696,-1.051853704,0.11802128969697
"ethA_F431L","ethA",431,0.6136729,0.6659771,0.9214625,0.356809,3,1.305315116,0.722739260157015,1.918988016,-0.691642216,0.553566201355932
"ethA_F434F","ethA",434,-0.8446711,0.7517378,-1.123625,0.2611723,2,1.473406088,0.669029306139206,0.628734988,-2.318077188,0.444090727340824
"ethA_Y438Y","ethA",438,-1.280994,0.8544374,-1.499225,0.1338153,2,1.674697304,0.569919352095919,0.393703304,-2.955691304,0.278679569724771
"ethA_L440P","ethA",440,-1.050516,0.7554832,-1.390523,0.1643702,2,1.480747072,0.543309064766496,0.430231072,-2.531263072,0.325869304803493
"ethA_S442S","ethA",442,0.4926332,0.3985253,1.23614,0.2164064,110,0.781109588,0.322394866485024,1.273742788,-0.288476388,0.388334014229249
"ethA_P447L","ethA",447,0.7744718,0.8200553,0.9444141,0.3449581,2,1.607308388,0.8683217323834,2.381780188,-0.832836588,0.553395679858657
"ethA_P447S","ethA",447,0.4637376,0.7856715,0.5902436,0.5550273,2,1.53991614,1.33109695205273,2.00365374,-1.07617854,0.73679062631579
"ethA_K448K","ethA",448,0.0078552,0.5321087,0.0147623,0.9882218,7,1.042933052,36.0448707373065,1.050788252,-1.035077852,0.9941074
"ethA_G450S","ethA",450,2.007855,0.7711589,2.603685,0.0092227,3,1.511471444,0.296179778444763,3.519326444,0.496383556,0.0357872290598291
"ethA_T453I","ethA",453,-1.047936,0.1497001,-7.000241,2.56e-12,68,0.293412196,0.0213850081875324,-0.754523804,-1.341348196,7.264e-11
"ethA_P454L","ethA",454,2.213717,0.7240571,3.057379,0.0022328,4,1.419151916,0.23682281161522,3.632868916,0.794565084,0.010343787755102
"ethA_Y461Y","ethA",461,-0.5848554,0.8547046,-0.6842778,0.4937998,2,1.675221016,1.24906079906445,1.090365616,-2.260076416,0.687964248929664
"ethA_L462L","ethA",462,-0.3487652,0.7519681,-0.4638031,0.6427888,2,1.473857476,1.62130861513021,1.125092276,-1.822622676,0.815156746368715
"ethA_D464G","ethA",464,-0.6931857,0.8539634,-0.8117276,0.4169479,2,1.673768264,1.05203192815368,0.980582564,-2.366953964,0.612603063430421
"ethA_R469W","ethA",469,1.189483,0.5516931,2.15606,0.031079,3,1.081318476,0.255880308157082,2.270801476,0.108164524,0.0910313935483871
"ethA_L478R","ethA",478,1.974432,1.063855,1.855922,0.0634646,1,2.0851558,0.573221797977849,4.0595878,-0.1107238,0.158312793406593
"ethA_482_indel","ethA",482,1.390789,0.4191678,3.317976,0.0009067,18,0.821568888,0.126332351317734,2.212357888,0.569220112,0.00478653255813953
"ethA_G488V","ethA",488,-0.469241,0.7552497,-0.6213058,0.5343984,2,1.480289412,1.21558454898462,1.011048412,-1.949530412,0.724229473432836
"ethA_492_indel","ethA",492,2.775746,0.6440904,4.309559,1.64e-05,2,1.262417184,0.149456197855337,4.038163184,1.513328816,0.000143184615384615
"ethA_568_indel","ethA",568,3.577339,0.8949376,3.997306,6.41e-05,2,1.754077696,0.223885214091748,5.331416696,1.823261304,0.000483770491803279
"ethA_584_indel","ethA",584,2.866102,1.063692,2.694484,0.0070498,1,2.08483632,0.39476636590882,4.95093832,0.78126568,0.0278313843478261
"ethA_598_indel:Rv3083_M371I","ethA",598,1.97235,0.3594125,5.487707,4.07e-08,10,0.7044485,0.06549412891031,2.6767985,1.2679015,6.37165517241379e-07
"ethA_631_indel","ethA",631,-0.3128324,0.7519526,-0.4160267,0.6773905,2,1.473827096,1.80746211916272,1.160994696,-1.786659496,0.837180688043478
"ethA_641_indel","ethA",641,4.866101,1.499104,3.246005,0.0011704,1,2.93824384,0.461830283180723,7.80434484,1.92785716,0.0060382
"ethA_673_indel","ethA",673,1.593171,0.520651,3.05996,0.0022137,4,1.02047596,0.170149634785594,2.61364696,0.57269504,0.010343787755102
"ethA_674_indel","ethA",674,1.90995,0.7690808,2.483419,0.0130128,2,1.507398368,0.309686262430242,3.417348368,0.402551632,0.0468873904761905
"ethA_695_indel","ethA",695,0.8068143,1.063664,0.7585233,0.4481377,1,2.08478144,1.40228191901904,2.89159574,-1.27796714,0.642823326182965
"ethA_704_indel","ethA",704,2.539152,0.6312704,4.022288,5.76e-05,3,1.237289984,0.156943073087456,3.776441984,1.301862016,0.000443227118644068
"ethA_707_indel","ethA",707,0.8026426,0.6650396,1.20691,0.227467,3,1.303477616,0.551026907328567,2.106120216,-0.500835016,0.395670567049808
"ethA_712_indel","ethA",712,-0.3446711,1.0632,-0.3241827,0.7457997,3,2.083872,3.27963162562803,1.7392009,-2.4285431,0.877048110077519
"ethA_740_indel","ethA",740,0.9956309,0.8883421,1.120774,0.262384,3,1.741150516,0.792614699516066,2.736781416,-0.745519616,0.444486328358209
"ethA_743_indel","ethA",743,0.5,1.135272,0.440423,0.6596308,2,2.22513312,2.577685027968,2.72513312,-1.72513312,0.82727177679558
"ethA_744_indel","ethA",744,3.278246,1.565749,2.093724,0.0362846,2,3.06886804,0.74782976353849,6.34711404,0.20937796,0.104260812658228
"ethA_753_indel","ethA",753,1.814733,0.2919434,6.216042,5.1e-10,18,0.572209064,0.0469661095067759,2.386942064,1.242523936,9.6475e-09
"ethA_756_indel","ethA",756,1.476603,0.2806363,5.261627,1.43e-07,14,0.550047148,0.0533364302237568,2.026650148,0.926555852,1.96733333333333e-06
"ethA_758_indel","ethA",758,2.356898,0.4845278,4.864319,1.15e-06,5,0.949674488,0.0996085485977077,3.306572488,1.407223512,1.33871794871795e-05
"ethA_771_indel","ethA",771,1.203426,0.3530147,3.408998,0.000652,14,0.691908812,0.103553835812165,1.895334812,0.511517188,0.00365441975308642
"ethA_775_indel","ethA",775,0.6553289,1.0632,0.616374,0.5376477,1,2.083872,1.72492658266712,2.7392009,-1.4285431,0.725285746587537
"ethA_827_indel","ethA",827,1.067105,0.4372222,2.440648,0.014661,7,0.856955512,0.179141932774038,1.924060512,0.210149488,0.052000734375
"ethA_854_indel","ethA",854,0.8093494,0.8543262,0.947354,0.3434584,2,1.674479352,0.901802430453942,2.483828752,-0.865129952,0.552943665248227
"ethA_861_indel","ethA",861,2.636099,0.6788768,3.88303,0.0001032,3,1.330598528,0.174831715189088,3.966697528,1.305500472,0.000732075
"ethA_887_indel","ethA",887,2.072578,0.4744414,4.36846,1.25e-05,6,0.929905144,0.108606113754927,3.002483144,1.142672856,0.000115816326530612
"ethA_943_indel","ethA",943,1.76291,0.7520909,2.344012,0.0190775,2,1.474098164,0.320856267116762,3.237008164,0.288811836,0.0632203284671533
"ethA_969_indel","ethA",969,1.235988,0.6061878,2.038952,0.0414548,5,1.188128088,0.297303573229546,2.424116088,0.0478599120000001,0.115463062576687
"ethA_1011_indel","ethA",1011,0.1394628,0.6141553,0.2270807,0.820361,3,1.203744388,2.70456876326942,1.343207188,-1.064281588,0.909275075609756
"ethA_1035_indel","ethA",1035,2.229551,0.6402336,3.482402,0.0004969,3,1.254857856,0.183848255800814,3.484408856,0.974693144,0.00289221282051282
"ethA_1048_indel","ethA",1048,1.180798,0.4132574,2.857293,0.0042727,8,0.809984504,0.144632425406174,1.990782504,0.370813496,0.0181290261682243
"ethA_1055_indel","ethA",1055,2.389505,0.4005558,5.965474,2.44e-09,12,0.785089368,0.0671456845303274,3.174594368,1.604415632,4.10281481481481e-08
"ethA_1113_indel","ethA",1113,2.685545,0.7399939,3.629145,0.0002844,3,1.450388044,0.203903107949116,4.135933044,1.235156956,0.0017933
"ethA_1195_indel:ethA_870_indel","ethA",1195,1.471869,0.5665133,2.598119,0.0093736,6,1.110366068,0.218047475065301,2.582235068,0.361502932,0.0360645288135593
"ethA_1243_indel","ethA",1243,1.895123,0.3205852,5.911448,3.39e-09,14,0.628346992,0.0542312401142512,2.523469992,1.266776008,5.49664285714286e-08
"ethA_1306_indel","ethA",1306,1.347071,0.2754384,4.890644,1.01e-06,16,0.539859264,0.0563194606628456,1.886930264,0.807211736,1.20668421052632e-05
"ethA_1308_indel","ethA",1308,1.639785,0.5154485,3.181278,0.0014663,7,1.01027906,0.162025604669057,2.65006406,0.62950594,0.00747977752808989
"ethA_1334_indel","ethA",1334,4.008188,1.725179,2.323347,0.0201605,2,3.38135084,0.742540664769467,7.38953884,0.62683716,0.0653776214285714
"ethA_1387_indel","ethA",1387,0.8533337,0.4803626,1.776437,0.075661,6,0.941510696,0.27040796288575,1.794844396,-0.088176996,0.17984342408377
"ethA_1392_indel","ethA",1392,1.175726,0.3384784,3.473564,0.0005136,18,0.663417664,0.0974441555826443,1.839143664,0.512308336,0.0029515746835443
"ethA_1397_indel","ethA",1397,0.9447882,0.8546523,1.105465,0.2689582,2,1.675118508,0.773115661155897,2.619906708,-0.730330308,0.453929452788104
"ethA_1408_indel","ethA",1408,4.719007,1.141692,4.133346,3.58e-05,2,2.23771632,0.27621502211461,6.95672332,2.48129068,0.000290235714285714
"ethA_1432_indel","ethA",1432,2.774061,0.7138827,3.885878,0.000102,4,1.399210092,0.183712077477492,4.173271092,1.374850908,0.000732075
"ethA_1466_indel","ethA",1466,0.9095662,0.84049,1.082186,0.2791701,3,1.6473604,0.776659730869507,2.5569266,-0.7377942,0.468176024354243
"ethR_T2T","ethR",2,-0.7546339,0.4806678,-1.56997,0.1164221,6,0.942108888,0.306163735762255,0.187474988,-1.696742788,0.248148513615023
"ethR_T2A","ethR",2,-3.411003,1.499223,-2.275181,0.0228951,1,2.93847708,0.658946826997514,-0.47252592,-6.34948008,0.0731998267605634
"ethR_T3A","ethR",3,-2.639453,0.4205142,-6.276727,3.46e-10,11,0.824207832,0.0669957723822474,-1.815245168,-3.463660832,6.82973913043478e-09
"ethR_L42P","ethR",42,0.5557172,1.035186,0.5368284,0.5913861,3,2.02896456,1.92833702933075,2.58468176,-1.47324736,0.769310284813754
"ethR_D48G","ethR",48,0.8493684,0.4034447,2.105291,0.035266,11,0.790751612,0.191633719782947,1.640120012,0.058616788,0.101979388535032
"ethR_T74A","ethR",74,-1.015258,0.7934399,-1.279565,0.2006981,2,1.555142204,0.620085608694549,0.539884204,-2.570400204,0.369622269354839
"ethR_79_indel:ethR_L27L","ethR",79,-1.058182,1.141016,-0.9274035,0.3537171,1,2.23639136,1.230334207401,1.17820936,-3.29457336,0.553566201355932
"ethR_M85I","ethR",85,-0.2380904,0.5645849,-0.4217088,0.6732376,4,1.106586404,1.33880286356783,0.868496004,-1.344676804,0.835443977595628
"ethR_N93S","ethR",93,-0.2703559,0.6317092,-0.4279753,0.6686691,4,1.238150032,1.47604144523807,0.967794132,-1.508505932,0.833999371978022
"ethR_A95T","ethR",95,-0.5212694,0.1874666,-2.780599,0.0054259,68,0.367434536,0.0674195072942321,-0.153834864,-0.888703936,0.0221924198198198
"ethR_G106R","ethR",106,-0.4183385,0.4518936,-0.9257456,0.3545782,6,0.885711456,0.48814016811974,0.467372956,-1.304049956,0.553566201355932
"ethR_F110L","ethR",110,-1.383273,0.2948375,-4.691647,2.71e-06,15,0.5778815,0.0628430912815113,-0.8053915,-1.9611545,3.07585e-05
"ethR_G124C","ethR",124,0.0078552,1.063623,0.0073853,0.9941074,1,2.08470108,144.018470074473,2.09255628,-2.07684588,0.9941074
"ethR_S131R:ethA_G343V","ethR",131,1.43893,0.6183837,2.326921,0.0199695,3,1.212032052,0.265751913175547,2.650962052,0.226897948,0.0652241223021583
"ethR_T140T","ethR",140,-1.025568,0.7530013,-1.361974,0.173206,2,1.475882548,0.552875048560105,0.450314548,-2.501450548,0.341893582608696
"ethR_Q143K","ethR",143,0.8329198,0.6619826,1.25822,0.2083121,4,1.297485896,0.526126240128713,2.130405696,-0.464566096,0.3782947736
"ethR_T149M","ethR",149,-0.0841734,0.617815,-0.1362437,0.8916286,3,1.2109174,4.53463177470555,1.126744,-1.2950908,0.949863785514019
"ethR_A151S","ethR",151,0.3219068,0.6140515,0.5242342,0.6001157,3,1.20354094,1.17133047407588,1.52544774,-0.88163414,0.776218027920228
"ethR_I153V","ethR",153,-0.1264772,0.2290108,-0.552276,0.5807593,24,0.448861168,0.414667201018365,0.322383968,-0.575338368,0.762036769364162
"ethR_A155V","ethR",155,-0.2460904,0.7750226,-0.3175267,0.750844,3,1.519044296,2.4408104928545,1.272953896,-1.765134696,0.878564886597938
"ethR_E156A","ethR",156,0.3214992,0.8569497,0.3751669,0.7075363,2,1.679621412,2.28418231936531,2.001120612,-1.358122212,0.852046366578249
"ethR_P163P","ethR",163,-0.406097,0.5863544,-0.6925794,0.4885736,4,1.149254624,0.846624039082682,0.743157624,-1.555351624,0.686725741176471
"ethR_R164R","ethR",164,0.9870102,1.063858,0.9277648,0.3535296,1,2.08516168,1.14668910631724,3.07217188,-1.09815148,0.553566201355932
"ethR_A174T","ethR",174,1.110251,0.8594207,1.29186,0.1964057,2,1.684464572,0.665258522251716,2.794715572,-0.574213572,0.363951786938776
"ethR_F184L","ethR",184,1.219006,0.7522537,1.620472,0.1051309,2,1.474417252,0.464218903896855,2.693423252,-0.255411252,0.23282648097561
"ethR_S186L","ethR",186,-0.2513293,1.063709,-0.2362763,0.8132182,1,2.08486964,4.50196947463348,1.83354034,-2.33619894,0.907127918427518
"ethR_P192A","ethR",192,1.034076,0.7797819,1.326109,0.1848035,2,1.528372524,0.588022361574594,2.562448524,-0.494296524,0.35855038034188
"ethR_V199V","ethR",199,0.058805,0.3150557,0.1866494,0.8519356,15,0.617509172,1.68795330503342,0.676314172,-0.558704172,0.929074463809524
"ethR_R216H","ethR",216,0.3214992,1.065584,0.3017116,0.7628719,1,2.08854464,3.53179498131255,2.41004384,-1.76704544,0.888061134871795
"fabG1_c-34g","fabG1",-34,3.93157,0.6449835,6.095613,1.09e-09,4,1.26416766,0.105811092075748,5.19573766,2.66740234,1.90330769230769e-08
"fabG1_c-34t","fabG1",-34,2.33802,0.7161258,3.264817,0.0010953,4,1.403606568,0.219346353506659,3.741626568,0.934413432,0.00571570344827586
"fabG1_g-17t","fabG1",-17,1.721754,0.142048,12.12093,0,181,0.27841408,0.0117192318438058,2.00016808,1.44333992,0
"fabG1_c-15t","fabG1",-15,2.754735,0.0519802,52.99587,0,920,0.101881192,0.000980835249866139,2.856616192,2.652853808,0
"fabG1_g-9a","fabG1",-9,0.2483587,0.5629569,0.4411683,0.6590912,4,1.103395524,1.27605947066726,1.351754224,-0.855036824,0.82727177679558
"fabG1_t-8g","fabG1",-8,2.73988,0.5949711,4.605063,4.12e-06,4,1.166143356,0.12919931158854,3.906023356,1.573736644,4.56214634146341e-05
"fabG1_t-8c","fabG1",-8,1.811543,0.1827073,9.914999,0,60,0.358106308,0.0184273613561974,2.169649308,1.453436692,0
"fabG1_t-8a","fabG1",-8,1.644581,0.3185691,5.162401,2.44e-07,39,0.624395436,0.0617095001552432,2.268976436,1.020185564,3.25811764705882e-06
"fabG1_T4I","fabG1",4,1.258425,0.6666847,1.887586,0.0590815,3,1.306702012,0.353194262045088,2.565127012,-0.048277012,0.150691016853933
"fabG1_P11P","fabG1",11,-0.2809937,1.063565,-0.2641998,0.791626,1,2.0845874,4.02560808027013,1.8035937,-2.3655811,0.904997455639098
"fabG1_P12R","fabG1",12,1.835858,0.4552108,4.032983,5.51e-05,6,0.892213168,0.112871950029163,2.728071168,0.943644832,0.0004313
"fabG1_V20I","fabG1",20,0.0316157,0.7552987,0.0418586,0.9666114,2,1.480385452,18.0440770320344,1.512001152,-1.448769752,0.988466878747204
"fabG1_G54E","fabG1",54,-0.2513293,1.063709,-0.2362763,0.8132182,1,2.08486964,4.50196947463348,1.83354034,-2.33619894,0.907127918427518
"fabG1_A71T","fabG1",71,-0.3446711,0.7520762,-0.4582928,0.6467421,2,1.474069352,1.64103869052682,1.129398252,-1.818740452,0.81788555264624
"fabG1_H78Q","fabG1",78,0.0889971,0.7526695,0.118242,0.9058759,2,1.47523222,6.36550377742926,1.56422932,-1.38623512,0.954217305336427
"fabG1_P81A:ethA_D144N","fabG1",81,-0.2654782,0.7435927,-0.3570209,0.7210761,4,1.457441692,2.08277027452081,1.191963492,-1.722919892,0.866054363492064
"fabG1_L85V","fabG1",85,1.843014,1.162853,1.584907,0.1129874,2,2.27919188,0.733704193027834,4.12220588,-0.43617788,0.24311032985782
"fabG1_L113L","fabG1",113,-0.5129898,0.7526681,-0.6815618,0.4955161,2,1.475229476,1.10432852418822,0.962239676,-1.988219276,0.687964248929664
"fabG1_S126N","fabG1",126,-0.6457928,0.7804554,-0.8274564,0.4079784,2,1.529692584,0.943198238489435,0.883899784,-2.175485384,0.602610709090909
"fabG1_S142S","fabG1",142,0.3871749,0.2990589,1.294644,0.1954429,38,0.586155444,0.230996962016933,0.973330344,-0.198980544,0.363951786938776
"fabG1_E196A","fabG1",196,-0.5553132,0.4121842,-1.347245,0.1779013,8,0.807881032,0.305945932366888,0.252567832,-1.363194232,0.349641516017316
"fabG1_L203L","fabG1",203,2.714661,0.1328448,20.43484,0,122,0.260375808,0.00650090043914876,2.975036808,2.454285192,0
"fabG1_V217V","fabG1",217,0.3378462,0.3778664,0.8940892,0.3712742,8,0.740618144,0.422627267226803,1.078464344,-0.402771944,0.567536992592593
"fabG1_V221V","fabG1",221,2.710026,0.4243032,6.387002,1.69e-10,12,0.831634272,0.0664322798121642,3.541660272,1.878391728,3.65361904761905e-09
"fabG1_A225A","fabG1",225,2.096789,1.218046,1.721436,0.0851718,2,2.38737016,0.707575277300673,4.48415916,-0.29058116,0.195292915151515
"fabG1_I232I","fabG1",232,1.061534,0.4169379,2.546025,0.0108957,7,0.817198284,0.163760381161988,1.878732284,0.244335716,0.0402166487804878
"fabG1_G241G","fabG1",241,-0.8430011,0.386787,-2.179497,0.0292948,35,0.75810252,0.177466178121239,-0.0848985799999999,-1.60110362,0.0869270535947712
"inhA_c-18t","inhA",-18,-0.5129898,0.8542046,-0.6005468,0.5481419,2,1.674241016,1.42237818112789,1.161251216,-2.187230816,0.729784230498534
"inhA_G3G","inhA",3,-1.275287,0.1135331,-11.23274,0,116,0.222524876,0.0101073443041527,-1.052762124,-1.497811876,0
"inhA_I16T","inhA",16,0.2120946,1.066615,0.1988483,0.8423814,1,2.0905654,5.36396286480184,2.30266,-1.8784708,0.921544953253012
"inhA_I21T","inhA",21,1.35987,0.2161176,6.292268,3.13e-10,54,0.423590496,0.0343465309402811,1.783460496,0.936279504,6.45918181818182e-09
"inhA_I21V","inhA",21,0.9311394,0.3322825,2.802253,0.0050747,13,0.6512737,0.118576938969879,1.5824131,0.2798657,0.0209446709090909
"inhA_G33G","inhA",33,0.3414419,0.7718952,0.4423423,0.6582415,3,1.512914592,1.74501781938022,1.854356492,-1.171472692,0.82727177679558
"inhA_F41S","inhA",41,1.150403,1.063682,1.081529,0.2794619,2,2.08481672,0.98349830200721,3.23521972,-0.93441372,0.468176024354243
"inhA_L46L","inhA",46,-0.5255683,0.8542003,-0.6152753,0.5383729,2,1.674232588,1.38832222666415,1.148664288,-2.199800888,0.725285746587537
"inhA_R53R","inhA",53,-1.516,1.066005,-1.422132,0.154988,1,2.0893698,0.749582229567942,0.5733698,-3.6053698,0.309976
"inhA_L71L","inhA",71,0.1523825,0.6721164,0.2267204,0.8206412,3,1.317348144,2.96451662854304,1.469730644,-1.164965644,0.909275075609756
"inhA_V78A:ethA_I337V","inhA",78,-2.016613,0.5819236,-3.465425,0.0005294,5,1.140570256,0.167922688308049,-0.876042744,-3.157183256,0.003004345
"inhA_D89D","inhA",89,-0.8446711,0.853385,-0.989789,0.3222772,2,1.6726346,0.862188795408059,0.8279635,-2.5173057,0.526308808633093
"inhA_S94A","inhA",94,2.428429,0.2128608,11.40853,0,38,0.417207168,0.0186580378411887,2.845636168,2.011221832,0
"inhA_I95V","inhA",95,1.366464,1.19035,1.147952,0.2509883,2,2.333086,1.03693410327678,3.69955,-0.966622,0.429995049811321
"inhA_G119G","inhA",119,-1.120283,0.8778603,-1.276152,0.2019018,2,1.720606188,0.687896456802513,0.600323188,-2.840889188,0.369622269354839
"inhA_S123S","inhA",123,0.0078552,0.8545092,0.0091926,0.9926655,2,1.674838032,92.9557456060495,1.682693232,-1.666982832,0.9941074
"inhA_A128A","inhA",128,0.6742684,0.7718952,0.8735232,0.382378,3,1.512914592,0.883657308844727,2.187182992,-0.838646192,0.578522245182724
"inhA_N159N","inhA",159,0.7190064,1.063565,0.6760342,0.4990189,3,2.0845874,1.57324122459132,2.8035938,-1.365581,0.688615746504559
"inhA_T162S","inhA",162,0.7403947,0.3842957,1.926628,0.0540261,14,0.753219572,0.199465481098784,1.493614272,-0.012824872,0.141779476300578
"inhA_V171I","inhA",171,-1.621745,1.069424,-1.516466,0.1294015,1,2.09607104,0.705208088679786,0.47432604,-3.71781604,0.271982782407407
"inhA_A190S","inhA",190,-0.0129898,1.063858,-0.0122101,0.990258,1,2.08516168,87.1294280253738,2.07217188,-2.09815148,0.9941074
"inhA_I194T","inhA",194,1.643495,0.2284638,7.19368,6.31e-13,52,0.447789048,0.0317589697020313,2.091284048,1.195705952,2.04624285714286e-11
"inhA_V203A","inhA",203,-0.2761058,0.8557073,-0.3226638,0.7469499,2,1.677186308,2.65200869838044,1.401080508,-1.953292108,0.877048110077519
"inhA_E209G","inhA",209,-0.1931857,0.8545613,-0.2260642,0.8211515,2,1.674940148,3.7801711796354,1.481754448,-1.868125848,0.909275075609756
"inhA_I228V","inhA",228,-0.1315918,0.4576089,-0.2875639,0.7736806,6,0.896913444,1.59132943967033,0.765321644,-1.028505244,0.898340134015345
"inhA_I228I:mshA_N37D","inhA",228,-0.3169265,0.7521892,-0.4213388,0.6735077,2,1.474290832,1.78523598562014,1.157364332,-1.791217332,0.835443977595628
"inhA_A239V","inhA",239,1.318832,0.5992485,2.20081,0.0277495,5,1.17452706,0.272285450119689,2.49335906,0.14430494,0.0834322715231788
"inhA_G262G","inhA",262,-0.258613,0.6240963,-0.41438,0.6785958,3,1.223228748,1.50609672241415,0.964615748,-1.481841748,0.837180688043478
"1.lineage","LINEAGE",1,0.7082508,0.075249,9.41209,0,0,0.14748804,0.00799492496302157,0.85573884,0.56076276,0
"2.lineage","LINEAGE",2,-0.1596736,0.0352018,-4.535954,5.73e-06,0,0.068995528,0.00776062369258287,-0.090678072,-0.228669128,6.04981395348837e-05
"3.lineage","LINEAGE",3,-0.2680039,0.050377,-5.319964,1.04e-07,0,0.09873892,0.00946942238153997,-0.16926498,-0.36674282,1.52309677419355e-06
"mshA_D7D","mshA",7,-0.2419618,0.3417523,-0.7080035,0.4789431,47,0.669834508,0.482698651420555,0.427872708,-0.911796308,0.678889536448598
"mshA_A24V","mshA",24,0.1646772,0.752412,0.2188657,0.8267547,2,1.47472752,3.43777898667211,1.63940472,-1.31005032,0.911035518932039
"mshA_P33S","mshA",33,0.3615512,0.7519926,0.4807909,0.6306651,2,1.473905496,1.5640741074978,1.835456696,-1.112354296,0.80654071943662
"mshA_S39S","mshA",39,-0.3094212,0.7526502,-0.4111089,0.6809927,2,1.475194392,1.83078057857716,1.165773192,-1.784615592,0.837460915675676
"mshA_A48V","mshA",48,-0.7586235,0.7646448,-0.9921254,0.3211364,3,1.498703808,0.770713891893726,0.740080308,-2.257327308,0.526308808633093
"mshA_G67A","mshA",67,2.748671,1.063709,2.584044,0.0097649,1,2.08486964,0.411645059259911,4.83354064,0.66380136,0.0366385504132231
"mshA_L77L","mshA",77,-0.2977381,0.5322711,-0.559373,0.5759072,4,1.043251356,0.951549445285,0.745513256,-1.340989456,0.757860489275362
"mshA_G106A","mshA",106,-1.605796,0.8237658,-1.949336,0.0512553,2,1.614580968,0.422587983311479,0.00878496800000006,-3.220376968,0.135290152325581
"mshA_E118K","mshA",118,0.62603,0.8315857,0.7528147,0.4515613,2,1.629907972,1.10463520349582,2.255937972,-1.003877972,0.644681855974843
"mshA_D124N","mshA",124,-0.5996279,0.8700106,-0.6892191,0.4906854,2,1.705220776,1.26231358499556,1.105592876,-2.304848676,0.687565344444444
"mshA_L137P","mshA",137,1.271446,0.7142097,1.780214,0.075041,5,1.399851012,0.401193204881757,2.671297012,-0.128405012,0.179681013684211
"mshA_L157L","mshA",157,-0.035729,1.064559,-0.0335623,0.9732262,1,2.08653564,31.7189360038344,2.05080664,-2.12226464,0.988466878747204
"mshA_L164L","mshA",164,-0.324457,0.2812348,-1.153687,0.2486284,28,0.551220208,0.2437704001795,0.226763208,-0.875677208,0.427565506060606
"mshA_A182T","mshA",182,-0.0668303,0.5321937,-0.1255751,0.9000683,4,1.043099652,4.23804972175331,0.976269352,-1.109929952,0.952519832634033
"mshA_A187T","mshA",187,0.9612183,0.6521347,1.473957,0.1404933,9,1.278184012,0.4424381713749,2.239402312,-0.316965712,0.28602671838565
"mshA_L188V","mshA",188,-0.284839,0.7526123,-0.3784671,0.7050836,2,1.475120108,1.98858047567675,1.190281108,-1.759959108,0.851350942553191
"mshA_D218A","mshA",218,-0.5358988,0.2218062,-2.416067,0.0156892,33,0.434740152,0.0918046287068379,-0.101158648,-0.970638952,0.0539403203007519
"mshA_L244L","mshA",244,-0.5212538,0.0984135,-5.29657,1.18e-07,180,0.19289046,0.0185806165485029,-0.32836334,-0.71414426,1.674125e-06
"mshA_L261L","mshA",261,0.1553289,0.7517378,0.2066265,0.8363016,2,1.473406088,3.63814924298595,1.628734988,-1.318077188,0.919324276997579
"mshA_G292R","mshA",292,-0.2809937,1.063565,-0.2641998,0.791626,3,2.0845874,4.02560808027013,1.8035937,-2.3655811,0.904997455639098
"mshA_S304S","mshA",304,-0.5996279,0.7705597,-0.7781718,0.4364677,2,1.510297012,0.990217852211496,0.910669112,-2.109924912,0.635116460897436
"mshA_L306R","mshA",306,0.1505675,0.5768871,0.261,0.7940925,5,1.130698716,2.21029588819905,1.281266216,-0.980131216,0.904997455639098
"mshA_A316A","mshA",316,-2.539994,0.7622455,-3.332251,0.0008615,2,1.49400118,0.22874786407773,-1.04599282,-4.03399518,0.00460142352941176
"mshA_I321I","mshA",321,0.0822575,0.7720143,0.1065492,0.9151466,3,1.513148028,7.24561382736516,1.595405528,-1.430890528,0.956023180689655
"mshA_A323A","mshA",323,-0.059305,0.4424654,-0.1340331,0.8933764,6,0.867232184,3.30116567232375,0.807927184,-0.926537184,0.949863785514019
"mshA_R324Q:mshA_R168R","mshA",324,0.4731927,0.7108234,0.6656966,0.5056051,4,1.393213864,1.06778888598146,1.866406564,-0.920021164,0.693488566163142
"mshA_A337T","mshA",337,1.588997,1.063859,1.493616,0.135276,1,2.08516364,0.712270678850243,3.67416064,-0.49616664,0.279477469683258
"mshA_A342A","mshA",342,-1.345721,0.9027555,-1.490681,0.1360452,2,1.76940078,0.605599149288931,0.42367978,-3.11512178,0.279477469683258
"mshA_Y351Y","mshA",351,1.279784,0.3575578,3.579237,0.0003446,15,0.700813288,0.099897779891638,1.980597288,0.578970712,0.00211416756756757
"mshA_S352H:ethA_Y60N","mshA",352,1.366101,0.7499399,1.821615,0.0685135,2,1.469882204,0.411689804496161,2.835983204,-0.103781204,0.168135832432432
"mshA_A364A","mshA",364,0.4078956,0.617957,0.6600711,0.5092082,3,1.21119572,0.936197531547288,1.61909132,-0.80330012,0.696326875903614
"mshA_V390A","mshA",390,0.5973213,0.5666177,1.054188,0.2917971,5,1.110570692,0.537492331101017,1.707891992,-0.513249392,0.487043688970588
"mshA_C409C","mshA",409,0.1471034,0.4571486,0.3217846,0.7476159,6,0.896011256,1.42066629650953,1.043114656,-0.748907856,0.877048110077519
"mshA_G411R","mshA",411,-0.2761058,1.064585,-0.2593552,0.7953612,1,2.0865866,4.10473529431471,1.8104808,-2.3626924,0.904997455639098
"mshA_R413Q","mshA",413,0.8931237,0.6668157,1.339386,0.180445,3,1.306958772,0.49785172845205,2.200082472,-0.413835072,0.353112198275862
"mshA_R443H","mshA",443,0.0256663,0.6172842,0.0415793,0.9668341,3,1.209877032,14.8459179379046,1.235543332,-1.184210732,0.988466878747204
"mshA_E458Q","mshA",458,0.2190063,0.8538395,0.2564959,0.797568,2,1.67352542,3.32886264806195,1.89253172,-1.45451912,0.90523968
"mshA_H471R","mshA",471,-0.3528593,1.063605,-0.3317579,0.7400721,1,2.0846658,3.20596791986211,1.7318065,-2.4375251,0.877048110077519
"mshA_T473T","mshA",473,-0.2809937,1.063565,-0.2641998,0.791626,1,2.0845874,4.02560808027013,1.8035937,-2.3655811,0.904997455639098
"mshA_G477R","mshA",477,0.6471407,0.8544868,0.7573443,0.4488436,2,1.674794128,1.1282673016459,2.321934828,-1.027653428,0.642823326182965
"mshA_563_indel:ethA_I94S","mshA",563,1.479786,0.8976704,1.648474,0.0992555,2,1.759433984,0.544546405383049,3.239219984,-0.279647984,0.223079193069307
"mshA_573_indel:mshA_566_indel","mshA",573,-0.9089631,0.9879269,-0.9200712,0.3575356,2,1.936336724,1.07375047429715,1.027373624,-2.845299824,0.553566201355932
"mshA_830_indel","mshA",830,0.3046254,0.9177464,0.3319276,0.7399439,2,1.798782944,2.76489897005621,2.103408344,-1.494157544,0.877048110077519
"mshA_1213_indel:Rv3083_V376A","mshA",1213,1.487595,0.9220843,1.613296,0.1066802,2,1.807285228,0.571553047910547,3.294880228,-0.319690228,0.233974931400966
"Rv3083_V7F","Rv3083",7,0.2810677,0.3056765,0.9194942,0.3578371,26,0.59912594,0.332439916263057,0.88019364,-0.31805824,0.553566201355932
"Rv3083_L14L","Rv3083",14,-0.1164322,0.8558409,-0.1360442,0.8917863,2,1.677448164,6.29090274093258,1.561015964,-1.793880364,0.949863785514019
"Rv3083_I32T","Rv3083",32,0.3294209,0.2021492,1.629593,0.1031876,50,0.396212432,0.124048896292372,0.725633332,-0.066791532,0.229642992156863
"Rv3083_L35L","Rv3083",35,0.2350061,0.0775814,3.029156,0.0024524,283,0.152059544,0.0256115633847802,0.387065644,0.082946556,0.011133896
"Rv3083_G42R","Rv3083",42,-0.2513293,1.063709,-0.2362763,0.8132182,2,2.08486964,4.50196947463348,1.83354034,-2.33619894,0.907127918427518
"Rv3083_R49C","Rv3083",49,0.3555157,1.0689,0.3325994,0.7394367,1,2.095044,3.21377427213482,2.4505597,-1.7395283,0.877048110077519
"Rv3083_D56D","Rv3083",56,0.1508554,0.6045163,0.2495473,0.8029374,5,1.184851948,2.42245194381964,1.335707348,-1.033996548,0.907127918427518
"Rv3083_L75R","Rv3083",75,-0.2819702,0.5289076,-0.5331181,0.5939519,18,1.036658896,0.992102177243411,0.754688696,-1.318629096,0.770440464571429
"Rv3083_I81S","Rv3083",81,0.2740346,0.6372536,0.4300245,0.6671778,10,1.249017056,1.48190101072259,1.523051656,-0.974982456,0.833999371978022
"Rv3083_Y84Y","Rv3083",84,-0.0129898,0.8548023,-0.0151963,0.9878756,2,1.675412508,56.2508254234315,1.662422708,-1.688402308,0.9941074
"Rv3083_D87E","Rv3083",87,1.640372,0.7320572,2.24077,0.025041,2,1.434832112,0.326698909803288,3.075204112,0.205539888,0.0774566373333333
"Rv3083_T90M","Rv3083",90,-0.2513293,0.5332103,-0.4713511,0.63739,6,1.045092188,1.13123787805914,0.793762888,-1.296421488,0.810574397759104
"Rv3083_V94I","Rv3083",94,-0.8314935,0.5066161,-1.641269,0.1007415,19,0.992967556,0.308673336326995,0.161474056,-1.824461056,0.225303650246305
"Rv3083_H99Y","Rv3083",99,-0.4110029,1.063859,-0.3863321,0.6992508,1,2.08516364,2.75374205846479,1.67416074,-2.49616654,0.848040280533333
"Rv3083_R112P","Rv3083",112,1.307822,1.524888,0.8576509,0.3910852,1,2.98878048,1.77798156977326,4.29660248,-1.68095848,0.584054871052632
"Rv3083_117_indel","Rv3083",117,-3.352859,1.499043,-2.236667,0.0253081,3,2.93812428,0.67021306766822,-0.41473472,-6.29098328,0.0774566373333333
"Rv3083_T130T","Rv3083",130,-1.945386,0.7527379,-2.584413,0.0097545,2,1.475366284,0.291260626989405,-0.470019716,-3.420752284,0.0366385504132231
"Rv3083_Y131D","Rv3083",131,-0.2918393,1.098733,-0.2656143,0.7905363,18,2.15351668,4.13657175469171,1.86167738,-2.44535598,0.904997455639098
"Rv3083_T140T","Rv3083",140,-0.0331701,0.545523,-0.0608042,0.9515151,16,1.06922508,8.97179518690025,1.03605498,-1.10239518,0.979564297959184
"Rv3083_Y145C","Rv3083",145,0.466401,0.3851359,1.211004,0.225894,8,0.754866364,0.318030324696581,1.221267364,-0.288465364,0.395071149230769
"Rv3083_Q167!","Rv3083",167,-0.5610701,0.8574418,-0.6543536,0.512884,2,1.680585928,1.31036467704702,1.119515828,-2.241656028,0.697326465269461
"Rv3083_A197V","Rv3083",197,4.719007,1.499014,3.148073,0.0016435,1,2.93806744,0.476168603309128,7.65707444,1.78093956,0.00819943956043956
"Rv3083_A205T","Rv3083",205,-0.5430495,0.3415687,-1.589869,0.1118643,13,0.669474652,0.214840777534442,0.126425152,-1.212524152,0.241839962857143
"Rv3083_S213A","Rv3083",213,0.1456369,1.077793,0.135125,0.892513,1,2.11247428,7.97625979987901,2.25811118,-1.96683738,0.949863785514019
"Rv3083_P214P","Rv3083",214,-0.387512,0.3692387,-1.049489,0.2939531,10,0.723707852,0.35182708555526,0.336195852,-1.111219852,0.488845082051282
"Rv3083_Y216C","Rv3083",216,0.264845,0.6884797,0.3846809,0.7004738,3,1.349420212,1.78974229195224,1.614265212,-1.084575212,0.848040280533333
"Rv3083_W271!","Rv3083",271,0.2142876,1.064694,0.2012668,0.8404899,3,2.08680024,5.28996224530024,2.30108784,-1.87251264,0.921544953253012
"Rv3083_R275C","Rv3083",275,0.1399308,1.064998,0.1313907,0.8954663,1,2.08739608,8.10558318829021,2.22732688,-1.94746528,0.949863785514019
"Rv3083_M283I","Rv3083",283,1.088997,0.7526695,1.446846,0.14794,2,1.47523222,0.520213899790587,2.56422922,-0.38623522,0.297189203539823
"Rv3083_L291R","Rv3083",291,-0.1785008,0.7551061,-0.2363917,0.8131288,2,1.480007956,3.19430065443522,1.301507156,-1.658508756,0.907127918427518
"Rv3083_C298S","Rv3083",298,-0.8897491,0.7582448,-1.173432,0.2406224,2,1.486159808,0.646176744350784,0.596410708,-2.375908908,0.416956372519084
"Rv3083_G328D","Rv3083",328,3.563609,0.8249919,4.319568,1.56e-05,2,1.616984124,0.190989425345376,5.180593124,1.946624876,0.000138870588235294
"Rv3083_L330P","Rv3083",330,1.934414,1.497196,1.292025,0.1963485,1,2.93450416,1.15879840738125,4.86891816,-1.00009016,0.363951786938776
"Rv3083_R335R","Rv3083",335,0.6553289,0.7520762,0.8713598,0.3835577,2,1.474069352,0.863106465480829,2.129398252,-0.818740452,0.578522245182724
"Rv3083_R335W","Rv3083",335,0.3782546,1.069424,0.3536994,0.7235642,1,2.09607104,3.02353941439443,2.47432564,-1.71781644,0.866749727704485
"Rv3083_356_indel","Rv3083",356,-1.808651,0.8783296,-2.059194,0.0394757,2,1.721526016,0.426540491358565,-0.0871249839999999,-3.530177016,0.111340257142857
"Rv3083_G362D","Rv3083",362,-0.1906506,1.063476,-0.1792713,0.8577247,1,2.08441296,5.93221947676011,1.89376236,-2.27506356,0.929074463809524
"Rv3083_A363T","Rv3083",363,-0.7111512,1.364293,-0.52126,0.6021857,2,2.67401428,2.61729909173886,1.96286308,-3.38516548,0.776682692613636
"Rv3083_N380S","Rv3083",380,0.7190064,1.063565,0.6760342,0.4990189,27,2.0845874,1.57324122459132,2.8035938,-1.365581,0.688615746504559
"Rv3083_A381T","Rv3083",381,-0.4921449,0.7523353,-0.6541563,0.5130111,2,1.474577188,1.15008487058606,0.982432288,-1.966722088,0.697326465269461
"Rv3083_T396P","Rv3083",396,0.5,0.9201385,0.5433965,0.5868568,2,1.80347146,1.6933097183645,2.30347146,-1.30347146,0.767818406916427
"Rv3083_A402A","Rv3083",402,-0.3527785,0.4164485,-0.8471119,0.3969327,7,0.81623906,0.491609758395849,0.46346056,-1.16901756,0.590844084590164
"Rv3083_A404T","Rv3083",404,-0.4563258,0.7595491,-0.6007852,0.5479831,2,1.488716236,1.26426083142967,1.032390436,-1.945042036,0.729784230498534
"Rv3083_C407R","Rv3083",407,-0.4550662,0.5647842,-0.8057346,0.4203959,4,1.106977032,0.700955580901504,0.651910832,-1.562043232,0.615676576129032
"Rv3083_H412R","Rv3083",412,0.6235271,0.4260064,1.463657,0.1432877,9,0.834972544,0.29105623932137,1.458499644,-0.211445444,0.289122736888889
"Rv3083_P423L","Rv3083",423,-0.7444249,0.6151918,-1.21007,0.2262522,3,1.205775928,0.508393728886876,0.461351028,-1.950200828,0.395071149230769
"Rv3083_A426A","Rv3083",426,0.7356191,1.211229,0.6073326,0.5436302,1,2.37400884,1.99434148792629,3.10962794,-1.63838974,0.729764421238938
"Rv3083_D428D","Rv3083",428,0.5803594,0.3958795,1.466,0.1426482,8,0.77592382,0.270040561969445,1.35628322,-0.19556442,0.289117333928571
"Rv3083_D432N","Rv3083",432,1.227346,0.6786224,1.808585,0.0705155,3,1.330099904,0.375222929623562,2.557445904,-0.102753904,0.172118478494624
"Rv3083_G442S","Rv3083",442,-0.0331701,0.8544976,-0.0388183,0.9690353,2,1.674815296,22.0127810409302,1.641645196,-1.707985396,0.988466878747204
"Rv3083_Y443Y","Rv3083",443,0.065926,0.7618064,0.0865391,0.9310379,2,1.493140544,8.80303660287231,1.559066544,-1.427214544,0.968727993607306
"Rv3083_R446H","Rv3083",446,-0.0833631,0.7877459,-0.1058248,0.9157214,2,1.543981964,7.4438642872783,1.460618864,-1.627345064,0.956023180689655
"Rv3083_G447R","Rv3083",447,1.515965,0.7575483,2.001147,0.0453765,2,1.484794668,0.378557174362792,3.000759668,0.0311703320000001,0.123358868263473
"Rv3083_G447D","Rv3083",447,0.1871676,0.7516569,0.2490067,0.8033556,2,1.473247524,3.01862125345204,1.660415124,-1.286079924,0.907127918427518
"Rv3083_M451V","Rv3083",451,0.0292989,0.3569821,0.082074,0.9345878,14,0.699684916,4.34952232747339,0.728983816,-0.670386016,0.968727993607306
"Rv3083_W460R","Rv3083",460,2.17219,0.9300882,2.335467,0.019519,2,1.822972872,0.39824511657785,3.995162872,0.349217128,0.0642146811594203
"Rv3083_W460!","Rv3083",460,-0.1906506,0.8543262,-0.2231591,0.8234117,2,1.674479352,3.8283291844161,1.483828752,-1.865129952,0.909559396107056
"Rv3083_463_indel","Rv3083",463,5.572353,1.562824,3.565565,0.0003631,2,3.06313504,0.438310145637938,8.63548804,2.50921796,0.00214087532467532
"Rv3083_A486G","Rv3083",486,0.0916553,0.7529733,0.1217245,0.9031172,2,1.475827668,6.18588112758226,1.567482968,-1.384172368,0.953523741395349
"Rv3083_563_indel","Rv3083",563,-0.5489226,0.7525694,-0.729398,0.4657583,2,1.475036024,1.03176787003552,0.926113424,-2.023958624,0.662866044514107
"Rv3083_637_indel","Rv3083",637,-0.1931857,1.063664,-0.1816228,0.8558788,1,2.08478144,5.85644333351796,1.89159574,-2.27796714,0.929074463809524
"Rv3083_848_indel","Rv3083",848,1.023827,0.7808871,1.311108,0.1898214,2,1.530538716,0.595593457631426,2.554365716,-0.506711716,0.359831169294606
"Rv3083_934_indel","Rv3083",934,0.6915913,0.231886,2.982463,0.0028594,32,0.45449656,0.0777498458930874,1.14608786,0.23709474,0.0127271333333333
"Rv3083_1151_indel","Rv3083",1151,2.020882,0.9504557,2.126224,0.0334846,2,1.862893172,0.447015727619173,3.883775172,0.157988828,0.0974487717948718
"3.siteid","SITEID",7,-0.0581436,0.0560801,-1.036795,0.2998315,0,0.109916996,0.0540898330342462,0.051773396,-0.168060596,0.496801098540146
"4.siteid","SITEID",8,-0.1174307,0.0567397,-2.069639,0.0384862,0,0.111209812,0.0274152632666756,-0.00622088800000001,-0.228640512,0.109891413836478
"5.siteid","SITEID",9,-0.0663318,0.053817,-1.232543,0.2177463,0,0.10548132,0.0436633634094054,0.03914952,-0.17181312,0.389200079527559
"6.siteid","SITEID",10,-0.1300092,0.0572319,-2.27162,0.0231095,0,0.112174524,0.0251942968467616,-0.017834676,-0.242183724,0.0733686223776224
"8.siteid","SITEID",11,-0.2591844,0.0566692,-4.573639,4.79e-06,0,0.111071632,0.0123903993783577,-0.148112768,-0.370256032,5.1777619047619e-05
"10.siteid","SITEID",12,-0.2203522,0.0554108,-3.976699,6.99e-05,0,0.108605168,0.0139338602321193,-0.111747032,-0.328957368,0.000511848387096774
"11.siteid","SITEID",13,0.2694676,0.6926404,0.389044,0.6972436,0,1.357575184,1.78036514858246,1.627042784,-1.088107584,0.848040280533333
"14.siteid","SITEID",14,-0.3778327,0.0878883,-4.299008,1.72e-05,0,0.172261068,0.0204438453233137,-0.205571632,-0.550093768,0.000147335849056604
"20.siteid","SITEID",15,-0.1348971,0.0731778,-1.843416,0.0652683,0,0.143428488,0.0396968534745373,0.008531388,-0.278325588,0.161922449180328
