,MUTS,GENE,POSITION,COEF,SE,Z,P,COUNTS,corrected_se,other_se,ci_hi,ci_lo,BH_PVAL,HOMOPLASY,HOMOPLASY2
0,aftB_t-25c,aftB,-25,0.23834899999999998,0.47460559999999996,0.5022044,0.6155238000000001,9,0.9302269759999999,0.9450447686013371,1.1685759759999998,-0.6918779759999999,0.953456233802817,False,False
1,aftB_g-22a,aftB,-22,0.5593570999999999,0.8500274,0.658046,0.5105086,2,1.666053704,1.2917447204134198,2.225410804,-1.1066966040000001,0.953456233802817,False,False
2,aftB_V10V,aftB,10,0.0998612,0.6236151,0.16013270000000002,0.8727766,4,1.2222855959999999,3.89436330574848,1.322146796,-1.122424396,0.973850619148936,False,False
3,aftB_W22R,aftB,22,1.0075450000000001,0.7585639,1.328227,0.184103,2,1.486785244,0.571110164194364,2.494330244,-0.479240244,0.953456233802817,False,False
4,aftB_A28A,aftB,28,-0.1628783,0.3912713,-0.41627970000000003,0.6772053000000001,17,0.7668917479999999,0.939924042697462,0.604013448,-0.929770048,0.9563237006756758,False,False
5,aftB_V38V,aftB,38,0.3284259,2.104722,0.1560424,0.8759995999999999,1,4.12525512,13.4881405433737,4.45368102,-3.79682922,0.973850619148936,False,False
6,aftB_N40D,aftB,40,-0.25337329999999997,0.5046752,-0.5020522,0.6156308000000001,10,0.989163392,1.00522453429402,0.735790092,-1.242536692,0.953456233802817,False,False
7,aftB_T59T,aftB,59,0.7235854,0.8554371999999999,0.8458662,0.3976274,2,1.6766569119999999,1.01131504746204,2.400242312,-0.9530715120000001,0.953456233802817,2,True
8,aftB_L98F,aftB,98,-1.0372540000000001,1.49214,-0.6951451999999999,0.4869643,1,2.9245944,2.1465154914803897,1.8873403999999998,-3.9618483999999996,0.953456233802817,False,False
9,aftB_M99I,aftB,99,-0.8575038,1.093893,-0.7839013000000001,0.433098,2,2.14403028,1.3954479215707298,1.28652648,-3.00153408,0.953456233802817,2,True
10,aftB_G103C,aftB,103,-0.4213077,1.292481,-0.3259681,0.7444485,2,2.53326276,3.96505246726086,2.11195506,-2.95457046,0.9643269446327679,False,False
11,aftB_Y106Y,aftB,106,-1.0366600000000001,1.079304,-0.9604896,0.3368089,2,2.11543584,1.12370220170162,1.07877584,-3.15209584,0.953456233802817,False,False
12,aftB_R114R,aftB,114,-0.6327599,0.6753872,-0.9368846,0.3488179,5,1.323758912,0.7208861843549821,0.690999012,-1.9565188119999999,0.953456233802817,False,False
13,aftB_A115V,aftB,115,-0.6303270000000001,0.8993558,-0.700865,0.48338729999999996,3,1.762737368,1.28320832677902,1.132410368,-2.393064368,0.953456233802817,False,False
14,aftB_A120A,aftB,120,-1.782603,1.623586,-1.097942,0.27222979999999997,1,3.18222856,1.4787541025096398,1.39962556,-4.96483156,0.953456233802817,False,False
15,aftB_A127A,aftB,127,-0.2720019,0.30202049999999997,-0.9006075000000001,0.367797,47,0.59196018,0.335352004600887,0.31995828,-0.86396208,0.953456233802817,False,False
16,aftB_S137A,aftB,137,0.1404615,0.8252636000000001,0.170202,0.8648513000000001,2,1.6175166559999998,4.84873085852678,1.7579781559999998,-1.477055156,0.971795277956989,False,False
17,aftB_L148L,aftB,148,0.5441244000000001,0.7311694999999999,0.7441837,0.45676540000000004,2,1.43309222,0.982512156650667,1.97721662,-0.88896782,0.953456233802817,2,True
18,aftB_L162L,aftB,162,0.5342988000000001,0.7088549,0.7537491999999999,0.45099979999999995,2,1.3893556040000001,0.9404387006933391,1.923654404,-0.8550568040000001,0.953456233802817,False,False
19,aftB_L172F,aftB,172,-0.8965377,0.6157678000000001,-1.455967,0.1454017,7,1.206904888,0.422926981784302,0.310367188,-2.103442588,0.953456233802817,2,True
20,aftB_A176A,aftB,176,-0.8141243,1.102121,-0.7386884,0.46009620000000007,2,2.16015716,1.4919966135896001,1.34603286,-2.97428146,0.953456233802817,False,False
21,aftB_F177F,aftB,177,0.2540438,0.8012576,0.3170563,0.7512009,2,1.5704648959999998,2.52717736688618,1.8245086959999999,-1.316421096,0.9643269446327679,False,False
22,aftB_S182S,aftB,182,-0.7694629,1.073577,-0.7167283,0.4735417,2,2.10421092,1.4978858304006601,1.33474802,-2.87367382,0.953456233802817,False,False
23,aftB_L201L,aftB,201,0.8129349,0.3837659,2.118309,0.0341489,21,0.752181164,0.181166125359866,1.5651160640000001,0.060753735999999996,0.33986286190476195,False,False
24,aftB_L220L,aftB,220,-0.630505,1.059685,-0.5949928000000001,0.5518483000000001,2,2.0769826,1.78100459032839,1.4464776000000001,-2.7074876,0.953456233802817,False,False
25,aftB_I226I,aftB,226,2.1187869999999998,0.6501244,3.259048,0.0011179,3,1.274243824,0.19948288123127103,3.393030824,0.844543176,0.0194700916666667,False,False
26,aftB_G247G,aftB,247,-0.5163835,0.6339408000000001,-0.814561,0.4153236,6,1.242523968,0.7782606103886741,0.726140468,-1.758907468,0.953456233802817,False,False
27,aftB_D248G,aftB,248,-0.2660818,1.056468,-0.2518597,0.8011495,2,2.07067728,4.19466733547353,1.80459548,-2.33675908,0.9643269446327679,False,False
28,aftB_M254A,aftB,254,-1.077806,1.513527,-0.7121156,0.47639319999999996,1,2.96651292,2.12539546052722,1.88870692,-4.04431892,0.953456233802817,False,False
29,aftB_N259D,aftB,259,1.281799,0.7355063000000001,1.7427439999999998,0.0813784,2,1.4415923480000001,0.422039272412984,2.7233913480000003,-0.159793348,0.641814550943396,False,False
30,aftB_A265T,aftB,265,0.5342988000000001,0.5841377,0.9146796,0.3603598,3,1.144909892,0.638625526692723,1.6792086919999998,-0.6106110920000001,0.953456233802817,False,False
31,aftB_L266P,aftB,266,-0.8387969000000001,0.8377818000000001,-1.001212,0.31672449999999996,3,1.6420523280000001,0.8367679284594879,0.8032554279999999,-2.4808492280000003,0.953456233802817,2,True
32,aftB_V274A,aftB,274,0.1980533,0.8543453000000001,0.23181880000000002,0.8166788,2,1.674516788,3.68540131182914,1.872570088,-1.476463488,0.9643269446327679,False,False
33,aftB_L278L,aftB,278,-1.0372540000000001,1.49214,-0.6951451999999999,0.4869643,1,2.9245944,2.1465154914803897,1.8873403999999998,-3.9618483999999996,0.953456233802817,False,False
34,aftB_T282M,aftB,282,-0.5216929,1.4918040000000001,-0.34970609999999996,0.7265592,1,2.92393584,4.26587974345827,2.40224294,-3.44562874,0.9643269446327679,False,False
35,aftB_P292P,aftB,292,-0.7501783000000001,1.4887190000000001,-0.5039085,0.6143255999999999,1,2.91788924,2.9543433353924002,2.16771094,-3.66806754,0.953456233802817,False,False
36,aftB_V293M,aftB,293,0.354682,0.3472341,1.021449,0.3070417,73,0.6805788359999999,0.33994259703850205,1.035260836,-0.325896836,0.953456233802817,False,False
37,aftB_A295T,aftB,295,-4.26e-14,1.839505,-2.32e-14,1.0,4,3.6054297999999996,79431423592136.1,3.60542979999996,-3.60542980000004,1.0,False,False
38,aftB_Y298C,aftB,298,0.6420734,1.003754,0.6396723000000001,0.5223857,1,1.96735784,1.5691696502549397,2.60943124,-1.32528444,0.953456233802817,False,False
39,aftB_R303Q,aftB,303,-0.5216929,1.079085,-0.4834587,0.6287701,2,2.1150066,2.23201127948071,1.5933137,-2.6366994999999998,0.953456233802817,False,False
40,aftB_R303R,aftB,303,-1.087617,1.49231,-0.7288145,0.4661151,1,2.9249276,2.04758581017031,1.8373106,-4.0125446,0.953456233802817,False,False
41,aftB_A304A,aftB,304,-0.6847032,1.0797350000000001,-0.6341399999999999,0.5259895,2,2.1162806,1.7026759480969298,1.4315773999999999,-2.8009838,0.953456233802817,False,False
42,aftB_V316V,aftB,316,1.95e-15,1.6866330000000003,1.16e-15,1.0,3,3.30580068,1458836347020000.0,3.30580068,-3.30580068,1.0,False,False
43,aftB_V320M,aftB,320,3.728539,0.7343881999999999,5.0770669999999996,3.83e-07,2,1.4394008719999998,0.144648085563605,5.167939872,2.2891381280000003,1.06729333333333e-05,False,False
44,aftB_Q322E,aftB,322,0.6856854,0.34381540000000005,1.9943419999999998,0.0461147,33,0.6738781840000001,0.17239542985334103,1.359563584,0.011807216,0.44827778139534896,False,False
45,aftB_V338V,aftB,338,0.12914189999999998,0.8250306000000001,0.1565299,0.8756154,2,1.617059976,5.270756361307679,1.746201876,-1.487918076,0.973850619148936,False,False
46,aftB_L347L,aftB,347,-0.5216929,1.4918040000000001,-0.34970609999999996,0.7265592,1,2.92393584,4.26587974345827,2.40224294,-3.44562874,0.9643269446327679,False,False
47,aftB_V352V,aftB,352,1.0394,0.8262616,1.257955,0.2084081,2,1.6194727359999999,0.6568291626270539,2.6588727359999997,-0.580072736,0.953456233802817,False,False
48,aftB_V352G,aftB,352,0.13491720000000001,0.7847137,0.1719317,0.8634912,2,1.538038852,4.56409998849435,1.672956052,-1.4031216519999998,0.971795277956989,2,True
49,aftB_I353T,aftB,353,0.10777730000000002,1.164819,0.0925271,0.9262792,2,2.28304524,12.588952430251998,2.39082254,-2.17526794,0.9902422138107421,2,True
50,aftB_V372G,aftB,372,1.327791,0.9949894,1.334478,0.1820473,1,1.950179224,0.7456022115772439,3.2779702239999997,-0.6223882239999999,0.953456233802817,False,False
51,aftB_A374A,aftB,374,-0.2361194,0.5952484,-0.3966737,0.6916081000000001,7,1.166686864,1.50059951745837,0.930567464,-1.402806264,0.9636406193333331,False,False
52,aftB_G384C,aftB,384,0.9910344000000001,1.011097,0.9801574000000001,0.3270085,1,1.98175012,1.03156574929084,2.97278452,-0.99071572,0.953456233802817,False,False
53,aftB_D398D,aftB,398,-0.6327599,1.494685,-0.4233401,0.6720472,1,2.9295826000000003,3.53069663426048,2.2968227000000003,-3.5623425,0.9563237006756758,False,False
54,aftB_I407V,aftB,407,-1.22811,1.071451,-1.146211,0.25170770000000003,2,2.10004396,0.9347755863896551,0.87193396,-3.32815396,0.953456233802817,False,False
55,aftB_A417D,aftB,417,-0.2935337,0.9076318000000001,-0.3234062,0.7463877,3,1.778958328,2.80647668179579,1.485424628,-2.072492028,0.9643269446327679,False,False
56,aftB_H420H,aftB,420,-0.7574005,0.8197886000000001,-0.9238973,0.35553979999999996,4,1.606785656,0.887315691882907,0.849385156,-2.364186156,0.953456233802817,False,False
57,aftB_P423P,aftB,423,-0.5914265000000001,1.124097,-0.5261349,0.5987945,2,2.20323012,2.1365191877756597,1.61180362,-2.79465662,0.953456233802817,False,False
58,aftB_D428Y,aftB,428,0.1586372,0.6761444000000001,0.2346203,0.8145034999999999,3,1.3252430240000002,2.8818666091645597,1.483880224,-1.1666058240000001,0.9643269446327679,False,False
59,aftB_N443N,aftB,443,0.16004179999999998,0.6252159,0.2559784,0.7979675,3,1.225423164,2.4424551686672498,1.385464964,-1.065381364,0.9643269446327679,False,False
60,aftB_A449T,aftB,449,-0.1795805,0.8051301,-0.22304539999999998,0.8235002,4,1.5780549959999999,3.60971529718433,1.398474496,-1.757635496,0.9696424890140849,False,False
61,aftB_S469L,aftB,469,-0.4076489,0.5715057,-0.7132892,0.47566679999999995,7,1.1201511720000001,0.8012256751643141,0.712502272,-1.5278000719999998,0.953456233802817,False,False
62,aftB_P478S,aftB,478,1.0519020000000001,1.032577,1.018715,0.3083382,1,2.02385092,1.01360702891429,3.07575292,-0.97194892,0.953456233802817,False,False
63,aftB_L500L,aftB,500,-0.2660818,1.079944,-0.2463848,0.8053844,2,2.11669024,4.383159776940779,1.85060844,-2.38277204,0.9643269446327679,False,False
64,aftB_K522R,aftB,522,0.7098249,0.22403850000000003,3.168316,0.0015332,49,0.43911546,0.0707121565927738,1.14894036,0.27070944,0.0239049555555556,False,False
65,aftB_V544M,aftB,544,-0.6413914000000001,0.3671304,-1.7470400000000001,0.0806305,12,0.7195755840000001,0.210144274781608,0.078184184,-1.360966984,0.641814550943396,False,False
66,aftB_K545K,aftB,545,0.2670574,0.8373671,0.31892509999999996,0.7497833,2,1.641239516,2.6255915775500296,1.9082969159999998,-1.3741821159999998,0.9643269446327679,2,True
67,aftB_G549S,aftB,549,-0.13219160000000002,1.035008,-0.12772039999999998,0.8983703000000002,1,2.02861568,8.10370371539493,1.89642408,-2.16080728,0.977913503645833,False,False
68,aftB_D555D,aftB,555,-0.8211474,0.9449351,-0.8689985999999998,0.3848479,3,1.8520727959999999,1.08738375498968,1.030925396,-2.673220196,0.953456233802817,False,False
69,aftB_E563G:aftB_Q561R,aftB,563,-0.1556846,0.35259109999999994,-0.4415443,0.6588189999999999,11,0.6910785559999999,0.798540663618688,0.5353939560000001,-0.846763156,0.9563237006756758,False,False
70,aftB_A573A,aftB,573,-0.9480978000000001,1.4914,-0.63571,0.5249655,1,2.9231439999999997,2.34603852049862,1.9750462,-3.8712418,0.953456233802817,False,False
71,aftB_I582I,aftB,582,-0.0461089,0.474554,-0.09716260000000002,0.9225973,8,0.93012584,4.884122130781691,0.88401694,-0.97623474,0.988835054871795,False,False
72,aftB_H585Y,aftB,585,-0.1556453,0.7736516999999999,-0.20118270000000002,0.8405556999999999,2,1.516357332,3.8455189646773196,1.360712032,-1.6720026319999999,0.970402231232877,False,False
73,aftB_H593Y,aftB,593,1.25183,1.06542,1.174963,0.2400094,1,2.0882232,0.906768312310777,3.3400532,-0.8363931999999998,0.953456233802817,False,False
74,aftB_R601R,aftB,601,1.314738,1.1362729999999999,1.157062,0.2472471,1,2.22709508,0.9820331735516891,3.54183308,-0.91235708,0.953456233802817,False,False
75,aftB_P618P,aftB,618,-0.1583091,0.5254722,-0.30127020000000004,0.7632084,6,1.029925512,1.7441892662698502,0.8716164120000001,-1.188234612,0.9643269446327679,False,False
76,aftB_P625P,aftB,625,-0.2660818,1.079944,-0.2463848,0.8053844,2,2.11669024,4.383159776940779,1.85060844,-2.38277204,0.9643269446327679,False,False
77,ccsA_T3M,ccsA,3,-1.0372540000000001,1.07955,-0.9608208,0.33664229999999995,2,2.115918,1.12357069965505,1.0786639999999998,-3.153172,0.953456233802817,False,False
78,ccsA_V6V,ccsA,6,-1.455876,1.05529,-1.379597,0.16771070000000002,2,2.0683683999999998,0.7649257107748191,0.6124924,-3.5242443999999997,0.953456233802817,False,False
79,ccsA_V26V,ccsA,26,-0.2660818,1.492425,-0.1782882,0.8584966999999999,1,2.925153,8.3708558068421,2.6590712000000005,-3.1912347999999997,0.971795277956989,False,False
80,ccsA_V27I,ccsA,27,0.3456515,0.4575717000000001,0.7554041,0.4500066,15,0.896840532,0.6057310922732579,1.2424920320000001,-0.551189032,0.953456233802817,False,False
81,ccsA_R42R,ccsA,42,0.6364502,1.520003,0.41871629999999993,0.6754234,2,2.97920588,3.63014909887529,3.61565608,-2.34275568,0.9563237006756758,False,False
82,ccsA_L47L,ccsA,47,-0.5829711999999999,0.1151557,-5.062462,4.14e-07,211,0.22570517199999998,0.0227469817419626,-0.35726602799999996,-0.808676372,1.081575e-05,2,True
83,ccsA_T56A,ccsA,56,-0.9480978000000001,1.078526,-0.8790679,0.3793645,2,2.11391096,1.22689698539117,1.16581316,-3.06200876,0.953456233802817,False,False
84,ccsA_P61L,ccsA,61,0.43857250000000003,0.9261485,0.4735445,0.6358246999999999,2,1.81525106,1.95577936157021,2.25382356,-1.37667856,0.953456233802817,2,True
85,ccsA_T117T:aftB_L151F,ccsA,117,-0.5216929,1.4918040000000001,-0.34970609999999996,0.7265592,1,2.92393584,4.26587974345827,2.40224294,-3.44562874,0.9643269446327679,False,False
86,ccsA_A124A,ccsA,124,-0.101732,1.4960930000000001,-0.0679985,0.9457869000000001,1,2.93234228,22.001870253695998,2.83061028,-3.03407428,0.99147003019802,False,False
87,ccsA_R130R,ccsA,130,0.239227,0.6901725999999999,0.34661909999999996,0.7288775,5,1.3527382959999998,1.99115575495559,1.591965296,-1.113511296,0.9643269446327679,False,False
88,ccsA_R131C,ccsA,131,-0.10307160000000001,1.056866,-0.09752569999999999,0.922309,2,2.07145736,10.836794441494998,1.96838576,-2.17452896,0.988835054871795,False,False
89,ccsA_R131R,ccsA,131,-0.6340794,0.776097,-0.8170105,0.4139224,4,1.52115012,0.949922917238756,0.88707072,-2.15522952,0.953456233802817,2,True
90,ccsA_Y134H,ccsA,134,-1.1411799999999999,0.892906,-1.278052,0.20123110000000002,3,1.75009576,0.6986462475998529,0.60891576,-2.89127576,0.953456233802817,2,True
91,ccsA_L142L,ccsA,142,3.034456,1.028606,2.9500669999999998,0.003177,1,2.01606776,0.348672151857203,5.05052376,1.01838824,0.0428382580645161,False,False
92,ccsA_V143F,ccsA,143,-0.1831315,0.7849335,-0.2333083,0.8155220000000001,3,1.53846966,3.36436167137958,1.35533816,-1.72160116,0.9643269446327679,False,False
93,ccsA_V176V,ccsA,176,0.8349799999999999,0.7642491,1.092549,0.2745917,2,1.497928236,0.69950979287026,2.3329082359999997,-0.662948236,0.953456233802817,False,False
94,ccsA_L187L,ccsA,187,0.4075216,0.8920901,0.4568166,0.6478028,2,1.7484965959999998,1.95284065069928,2.1560181959999998,-1.340974996,0.953456233802817,2,True
95,ccsA_A189T,ccsA,189,-0.9978216999999999,1.490566,-0.6694247,0.5032246,7,2.92150936,2.2266372843525,1.92368766,-3.91933106,0.953456233802817,False,False
96,ccsA_L212L,ccsA,212,0.7160840999999999,0.6746591,1.061401,0.2885075,5,1.322331836,0.63563050933935,2.038415936,-0.606247736,0.953456233802817,2,True
97,ccsA_R217G,ccsA,217,-0.2660818,1.079944,-0.2463848,0.8053844,2,2.11669024,4.383159776940779,1.85060844,-2.38277204,0.9643269446327679,False,False
98,ccsA_D221D,ccsA,221,0.0241143,0.3250215,0.074193,0.9408568000000002,98,0.63704214,4.38076060521143,0.66115644,-0.61292784,0.99147003019802,False,False
99,ccsA_D226N,ccsA,226,-0.8520460999999999,1.149306,-0.7413573,0.4584768,6,2.25263976,1.5502732559141998,1.40059366,-3.10468586,0.953456233802817,False,False
100,ccsA_A229S,ccsA,229,-0.3069612,0.87585,-0.3504723,0.7259843,3,1.716666,2.4990559800391696,1.4097048,-2.0236272,0.9643269446327679,False,False
101,ccsA_T232T,ccsA,232,-0.5912930000000001,1.0399770000000002,-0.5685634,0.5696524000000001,2,2.03835492,1.82913066876997,1.44706192,-2.62964792,0.953456233802817,2,True
102,ccsA_F237S,ccsA,237,-0.7821503000000001,1.072111,-0.7295425999999999,0.4656698,2,2.10133756,1.4695666501962599,1.31918726,-2.88348786,0.953456233802817,False,False
103,ccsA_V244M,ccsA,244,0.3573837,0.8244094000000001,0.43350259999999996,0.6646496999999999,2,1.615842424,1.90173994731254,1.973226124,-1.258458724,0.9563237006756758,False,False
104,ccsA_R257R,ccsA,257,1.6525279999999998,0.763544,2.164286,0.030442400000000005,2,1.49654624,0.35279247306914,3.14907424,0.15598176,0.310363980487805,False,False
105,ccsA_N296S,ccsA,296,-1.0366600000000001,1.491963,-0.6948300999999999,0.4871617999999999,1,2.92424748,2.14723592438119,1.88758748,-3.96090748,0.953456233802817,False,False
106,ccsA_V301L,ccsA,301,0.5441244000000001,1.0328549999999999,0.526816,0.5983214,1,2.0243957999999997,1.96056168593983,2.5685202,-1.4802714,0.953456233802817,False,False
110,eis_c-100t,eis,-100,-0.0123132,0.36534120000000003,-0.0337034,0.9731136999999999,18,0.716068752,10.8399272664653,0.7037555520000001,-0.728381952,0.999289548529412,6,True
111,eis_c-69t,eis,-69,-0.2660818,1.492425,-0.1782882,0.8584966999999999,1,2.925153,8.3708558068421,2.6590712000000005,-3.1912347999999997,0.971795277956989,False,False
112,eis_t-67a,eis,-67,0.4508089,0.5202349000000001,0.8665485999999999,0.3861894,6,1.0196604040000001,0.600352724132132,1.470469304,-0.568851504,0.953456233802817,False,False
113,eis_t-66g,eis,-66,-0.8474723,1.055509,-0.8029036999999999,0.4220304,2,2.06879764,1.31461435268268,1.22132534,-2.91626994,0.953456233802817,False,False
114,eis_t-44c,eis,-44,-0.9480978000000001,1.078526,-0.8790679,0.3793645,2,2.11391096,1.22689698539117,1.16581316,-3.06200876,0.953456233802817,False,False
115,eis_g-37t,eis,-37,1.572601,0.26817779999999997,5.864024,4.52e-09,21,0.525628488,0.0457327271271225,2.0982294880000003,1.046972512,1.4533538461538501e-07,7,True
116,eis_c-15g,eis,-15,0.6522581999999999,0.4334915,1.5046620000000002,0.132411,6,0.84964334,0.28809891630684004,1.50190154,-0.19738514,0.9224633,4,True
117,eis_c-14t,eis,-14,2.160996,0.2026259,10.66495,0.0,38,0.397146764,0.0189992278332815,2.558142764,1.763849236,0.0,13,True
118,eis_c-12t,eis,-12,0.28947080000000003,0.24170570000000002,1.197617,0.23106620000000003,76,0.47374317200000005,0.20182224049019798,0.7632139720000001,-0.184272372,0.953456233802817,10,True
119,eis_g-10a,eis,-10,1.541117,0.1764586,8.733592,0.0,47,0.345858856,0.0202045902510711,1.8869758559999998,1.195258144,0.0,11,True
120,eis_g-10c,eis,-10,0.7099435000000001,0.3726715,1.905011,0.05677859999999999,12,0.73043614,0.195626901172065,1.44037964,-0.0204926400000001,0.509265408510638,False,False
121,eis_c-8t,eis,-8,0.8812247999999999,2.146321,0.4105746,0.6813845000000001,1,4.20678916,5.22760348442418,5.08801396,-3.32556436,0.957401040133779,False,False
122,eis_c-8a,eis,-8,-1.4230639999999999,0.434095,-3.278232,0.0010446,19,0.8508261999999999,0.132417423970391,-0.5722378,-2.2738902000000003,0.0189844695652174,False,False
123,eis_g-6t,eis,-6,0.4307232,0.7106062,0.6061348000000001,0.5444251999999999,3,1.3927881519999998,1.1723565656051,1.823511352,-0.9620649520000001,0.953456233802817,3,True
124,eis_V1V,eis,1,-2.619673,0.8515792,-3.076253,0.0020962,3,1.6690952319999999,0.276823532506782,-0.9505777679999999,-4.288768232,0.0312932714285714,3,True
125,eis_T4P,eis,4,-0.7444255999999999,0.7931659000000001,-0.9385496999999999,0.347962,2,1.554605164,0.8450974078844279,0.810179564,-2.299030764,0.953456233802817,False,False
126,eis_P14P,eis,14,-0.8466712,1.0190139999999999,-0.8308731,0.4060453,2,1.99726744,1.22643776261198,1.15059624,-2.84393864,0.953456233802817,False,False
127,eis_A22G,eis,22,0.6408978,0.6800413000000001,0.9424395000000001,0.3459677,3,1.332880948,0.721575529991974,1.9737787480000002,-0.6919831479999999,0.953456233802817,False,False
128,eis_P30H,eis,30,-1.215731,0.9010921000000001,-1.349175,0.1772807,3,1.7661405159999999,0.667883744580347,0.550409516,-2.9818715160000004,0.953456233802817,False,False
129,eis_W36R,eis,36,1.6956419999999999,1.0821370000000001,1.5669389999999999,0.1171288,2,2.12098852,0.6906059691662509,3.81663052,-0.42534652,0.844135144827586,False,False
130,eis_T70T,eis,70,-0.9305880999999999,1.1469120000000002,-0.8113858,0.4171442,2,2.24794752,1.41352241205749,1.31735942,-3.17853562,0.953456233802817,False,False
131,eis_A86V,eis,86,-0.6327599,0.8674504000000001,-0.7294479,0.4657277,3,1.700202784,1.1891875519611101,1.067442884,-2.332962684,0.953456233802817,False,False
132,eis_R106H,eis,106,0.33790529999999996,0.3905547,0.8651931999999999,0.3869327,15,0.765487212,0.45140746147541905,1.103392512,-0.427581912,0.953456233802817,False,False
133,eis_G123G,eis,123,0.20354170000000002,0.8701141,0.23392529999999997,0.8150430000000001,2,1.705423636,3.71962377743141,1.9089653359999998,-1.501881936,0.9643269446327679,2,True
134,eis_Y126Y,eis,126,-0.1578455,0.4992928,-0.3161381,0.7518975999999999,11,0.9786138879999999,1.57935006149583,0.820768388,-1.136459388,0.9643269446327679,False,False
135,eis_L140V,eis,140,-1.215731,1.079691,-1.125999,0.2601658,2,2.11619436,0.9588738425531641,0.90046336,-3.33192536,0.953456233802817,False,False
136,eis_V163I,eis,163,-0.10236210000000001,0.11446989999999999,-0.8942266999999999,0.3712006,308,0.22436100399999998,0.128009859176492,0.121998904,-0.326723104,0.953456233802817,2,True
137,eis_G188A,eis,188,-0.6327599,0.8800174000000001,-0.7190310999999999,0.4721218,3,1.7248341040000001,1.22389333505925,1.092074204,-2.357594004,0.953456233802817,False,False
138,eis_P193S,eis,193,-0.7213645000000001,0.8627419,-0.8361301,0.4030817,3,1.690974124,1.03182730230779,0.9696096240000001,-2.412338624,0.953456233802817,2,True
139,eis_P220P,eis,220,-0.6544306,0.6033031,-1.084746,0.2780342,7,1.1824740759999999,0.55616994448244,0.528043476,-1.8369046759999998,0.953456233802817,False,False
140,eis_T231I,eis,231,-0.0385516,0.7366515,-0.052333500000000005,0.9582629,3,1.44383694,14.076080693207299,1.40528534,-1.48238854,0.99147003019802,False,False
141,eis_L235L,eis,235,-0.0187563,1.625608,-0.011538,0.9907942,1,3.18619168,140.891400204944,3.16743538,-3.20494798,1.0,False,False
142,eis_A243V,eis,243,0.3915201,0.7218613,0.5423759,0.5875596,3,1.4148481480000001,1.33092461009713,1.806368248,-1.023328048,0.953456233802817,False,False
143,eis_H270Q,eis,270,-0.6847032,0.8759173000000001,-0.7816985,0.43439179999999994,3,1.7167979080000002,1.1205309343366399,1.032094708,-2.401501108,0.953456233802817,False,False
144,eis_Q272!,eis,272,-0.6847032,1.4922739999999999,-0.45883199999999996,0.6463548000000001,1,2.92485704,3.2523313620792202,2.24015384,-3.60956024,0.953456233802817,False,False
145,eis_V301I,eis,301,-0.9690373999999999,0.8686065000000001,-1.115623,0.2645836,3,1.70246874,0.7785842443668841,0.73343134,-2.67150614,0.953456233802817,False,False
146,eis_L331R,eis,331,1.9582330000000001,0.818624,2.392103,0.0167521,2,1.60450304,0.342219364792647,3.56273604,0.35372996,0.18925345405405397,False,False
147,eis_E348D,eis,348,-0.9787894,1.644728,-0.5951071,0.5517719,1,3.22366688,2.76375101118177,2.24487748,-4.20245628,0.953456233802817,False,False
148,eis_L356L,eis,356,-0.4319209,0.5662908,-0.7627191999999999,0.4456309,7,1.1099299679999999,0.7424629606130201,0.6780090679999999,-1.541850868,0.953456233802817,False,False
149,eis_R374R,eis,374,0.3460295,0.7030763000000001,0.49216499999999996,0.6226027,4,1.3780295480000002,1.42853798193995,1.7240590480000002,-1.032000048,0.953456233802817,False,False
150,eis_T398N,eis,398,-0.5553516,1.49214,-0.37218470000000003,0.7097554,1,2.9245944,4.00913903840378,2.3692428,-3.479946,0.9643269446327679,False,False
151,eis_E401D,eis,401,-0.651668,1.03231,-0.6312717,0.5278628000000001,2,2.0233276,1.63528658166428,1.3716596,-2.6749956000000004,0.953456233802817,False,False
152,eis_448_indel,eis,448,-2.594239,1.0499319999999999,-2.470863,0.013478700000000001,2,2.05786672,0.424925076149114,-0.53637228,-4.65210572,0.156502683333333,False,False
153,eis_807_indel,eis,807,0.1298753,0.1950009,0.666024,0.5053958,76,0.382201764,0.292783546993231,0.512077064,-0.252326464,0.953456233802817,2,True
154,fprA_A19G,fprA,19,0.46423519999999996,0.8548642,0.5430515,0.5870944,3,1.675533832,1.57418653398458,2.139769032,-1.211298632,0.953456233802817,False,False
155,fprA_A19A,fprA,19,-0.6340794,1.058862,-0.598831,0.5492855999999999,2,2.07536952,1.7682150453776002,1.44129012,-2.70944892,0.953456233802817,False,False
156,fprA_V36I,fprA,36,0.8698629999999999,1.5184030000000002,0.5728800999999999,0.5667259,2,2.97606988,2.6504721667768396,3.84593288,-2.10620688,0.953456233802817,False,False
157,fprA_M38T,fprA,38,-0.5216929,1.079085,-0.4834587,0.6287701,2,2.1150066,2.23201127948071,1.5933137,-2.6366994999999998,0.953456233802817,False,False
158,fprA_E40E,fprA,40,-0.8474723,0.7959602,-1.064717,0.2870041,4,1.560081992,0.74757917159539,0.712609692,-2.407554292,0.953456233802817,False,False
159,fprA_F67F,fprA,67,1.8593819999999999,1.029599,1.805928,0.07092949999999999,1,2.01801404,0.570121739804408,3.87739604,-0.15863204,0.60507206122449,False,False
160,fprA_A71V,fprA,71,0.0108708,0.7382787,0.0147245,0.9882519000000001,4,1.447026252,50.1394045400237,1.4578970519999999,-1.436155452,1.0,False,False
161,fprA_S94A,fprA,94,0.34471,0.7018766,0.49112619999999996,0.6233371999999999,3,1.3756781359999999,1.4291165374592,1.720388136,-1.030968136,0.953456233802817,False,False
162,fprA_E95E,fprA,95,-0.2660818,1.079944,-0.2463848,0.8053844,2,2.11669024,4.383159776940779,1.85060844,-2.38277204,0.9643269446327679,False,False
163,fprA_D98G,fprA,98,0.24263829999999997,0.1793029,1.3532309999999999,0.1759818,88,0.35143368399999997,0.132499815356479,0.5940719839999999,-0.10879538400000001,0.953456233802817,False,False
164,fprA_G105G,fprA,105,0.380619,0.5202272,0.7316399,0.4643884,6,1.019645312,0.711042642694768,1.4002643119999998,-0.639026312,0.953456233802817,3,True
165,fprA_A106T:aftB_T11M,fprA,106,-0.5908279000000001,1.08254,-0.5457793000000001,0.5852175999999999,2,2.1217784,1.9834758169003202,1.5309504999999999,-2.7126063,0.953456233802817,False,False
166,fprA_P115L,fprA,115,-0.6327599,1.083064,-0.5842314000000001,0.5590646,6,2.12280544,1.85382738080589,1.49004554,-2.75556534,0.953456233802817,False,False
167,fprA_E117G,fprA,117,-0.5908279000000001,0.9045038000000001,-0.6532066,0.5136231,3,1.7728274480000001,1.38471308517157,1.181999548,-2.363655348,0.953456233802817,False,False
168,fprA_E117K,fprA,117,-0.7032142,1.0947959999999999,-0.6423243000000001,0.5206626,2,2.14580016,1.7044284396077298,1.44258596,-2.84901436,0.953456233802817,2,True
169,fprA_G130S,fprA,130,0.207686,0.5865686999999999,0.3540693,0.7232869000000001,4,1.149674652,1.65664917144001,1.357360652,-0.941988652,0.9643269446327679,False,False
170,fprA_N133H,fprA,133,0.2223596,0.7690865,0.28912170000000004,0.7724882,2,1.50740954,2.66007873949337,1.72976914,-1.28504994,0.9643269446327679,False,False
171,fprA_A134A,fprA,134,-1.10545,1.084719,-1.019112,0.30815,2,2.12604924,1.0643767777475202,1.02059924,-3.23149924,0.953456233802817,False,False
172,fprA_V141I:aftB_I327V,fprA,141,-0.2628359,0.47452829999999996,-0.5538887,0.5796551,9,0.930075468,0.8567212755216851,0.667239568,-1.1929113679999999,0.953456233802817,False,False
173,fprA_D144D,fprA,144,0.6901288000000001,0.9948623999999999,0.6936926999999999,0.487875,3,1.949930304,1.43415431283807,2.640059104,-1.2598015040000001,0.953456233802817,2,True
174,fprA_V162V,fprA,162,-1.9128009999999998,1.488745,-1.284841,0.1988478,1,2.9179402000000003,1.1586995589321598,1.0051392,-4.8307412,0.953456233802817,False,False
175,fprA_L173S,fprA,173,-0.6639535,0.6797407,-0.9767747999999999,0.32868059999999993,5,1.332291772,0.695903281233535,0.6683382720000001,-1.996245272,0.953456233802817,False,False
176,fprA_A174T,fprA,174,1.010688,1.318228,0.7667019,0.44325879999999995,4,2.58372688,1.71934866148999,3.59441488,-1.57303888,0.953456233802817,False,False
177,fprA_P188S,fprA,188,0.18334620000000001,0.4686999,0.3911803,0.6956640000000001,6,0.918651804,1.1981682536098899,1.1019980040000001,-0.7353056040000001,0.9643269446327679,4,True
178,fprA_V194V,fprA,194,-0.0365269,0.8896259,-0.0410587,0.9672491,4,1.743666764,21.6671615152342,1.707139864,-1.780193664,0.9958377433497541,False,False
179,fprA_G198E,fprA,198,0.5441244000000001,1.0328549999999999,0.526816,0.5983214,1,2.0243957999999997,1.96056168593983,2.5685202,-1.4802714,0.953456233802817,False,False
180,fprA_R200Q,fprA,200,-1.455876,1.078792,-1.349543,0.1771627,2,2.11443232,0.799375894144831,0.65855632,-3.57030832,0.953456233802817,False,False
181,fprA_G232S,fprA,232,-0.2814888,0.5476713000000001,-0.5139739999999999,0.6072702,8,1.073435748,1.06556229890386,0.791946948,-1.354924548,0.953456233802817,False,False
182,fprA_A238V,fprA,238,-0.0274519,2.1127860000000003,-0.012993200000000002,0.9896332,1,4.14106056,162.60676608161899,4.11360866,-4.16851246,1.0,False,False
183,fprA_A238T,fprA,238,-0.2334281,0.7266364000000001,-0.3212447,0.7480249,5,1.424207344,2.26194043392788,1.190779244,-1.657635444,0.9643269446327679,False,False
184,fprA_V251A,fprA,251,0.9890372,0.826723,1.196334,0.2315661,2,1.62037708,0.691046725774319,2.60941428,-0.63133988,0.953456233802817,False,False
185,fprA_R282L:aftB_P358L,fprA,282,0.9123831,1.033891,0.8824754000000001,0.37751979999999996,1,2.02642636,1.1715808851358602,2.93880946,-1.11404326,0.953456233802817,False,False
186,fprA_R291H,fprA,291,-0.7711725,1.82718,-0.42205600000000004,0.6729841,1,3.5812727999999994,4.32923470740982,2.8101002999999998,-4.3524453,0.9563237006756758,False,False
187,fprA_D297D,fprA,297,0.5441244000000001,0.7637026,0.712482,0.47616629999999993,2,1.4968570959999998,1.07189029061509,2.040981496,-0.952732696,0.953456233802817,False,False
188,fprA_S299R,fprA,299,-1.028578,0.5973114,-1.722013,0.0850671,7,1.170730344,0.34686811167452497,0.142152344,-2.199308344,0.658482366666667,False,False
189,fprA_E311E,fprA,311,-0.0379356,0.5142099,-0.0737745,0.9411898000000001,12,1.007851404,6.970018169160629,0.9699158040000001,-1.0457870040000001,0.99147003019802,False,False
190,fprA_Q316R,fprA,316,-0.15343410000000002,0.7969831,-0.19251870000000001,0.8473359,4,1.562086876,4.13977115703491,1.408652776,-1.7155209759999999,0.970402231232877,False,False
191,fprA_T329T,fprA,329,0.9268938,0.7767996,1.1932209999999999,0.23278279999999998,3,1.5225272159999999,0.651010524140047,2.449421016,-0.595633416,0.953456233802817,2,True
192,fprA_Q337Q,fprA,337,-0.4747476,1.513955,-0.31358109999999995,0.7538391999999999,4,2.9673517999999994,4.82795435306045,2.4926042,-3.4420994,0.9643269446327679,2,True
193,fprA_N349T,fprA,349,-0.2660818,1.056468,-0.2518597,0.8011495,3,2.07067728,4.19466733547353,1.80459548,-2.33675908,0.9643269446327679,False,False
194,fprA_P364S:ccsA_P144S,fprA,364,-0.5651668000000001,1.04808,-0.5392403,0.5897210999999999,2,2.0542368000000004,1.9436238759955502,1.4890700000000001,-2.6194036,0.953456233802817,False,False
195,fprA_K372K,fprA,372,-0.08223539999999999,1.680738,-0.0489282,0.9609764999999999,4,3.29424648,34.351145913365805,3.21201108,-3.37648188,0.991822659259259,False,False
196,fprA_N385D:fprA_V197V,fprA,385,-0.5995578,0.5218148,-1.148986,0.2505618,541,1.022757008,0.45415251957199104,0.423199208,-1.622314808,0.953456233802817,15,True
197,fprA_E400G,fprA,400,-0.5216929,1.079085,-0.4834587,0.6287701,2,2.1150066,2.23201127948071,1.5933137,-2.6366994999999998,0.953456233802817,False,False
198,fprA_D404D,fprA,404,-0.6340794,0.9042,-0.7012600999999999,0.48314070000000003,3,1.772232,1.28939315801775,1.1381526000000002,-2.4063114,0.953456233802817,False,False
199,fprA_Q405!,fprA,405,0.6727215999999999,0.8303370000000001,0.810179,0.41783729999999997,2,1.62746052,1.0248809218687198,2.30018212,-0.95473892,0.953456233802817,False,False
200,fprA_V406M,fprA,406,1.767059,1.749961,1.009771,0.3126053,6,3.42992356,1.7330284396395401,5.19698256,-1.66286456,0.953456233802817,False,False
201,fprA_S420P,fprA,420,-0.2660818,1.056468,-0.2518597,0.8011495,2,2.07067728,4.19466733547353,1.80459548,-2.33675908,0.9643269446327679,False,False
202,fprA_R439R:fprA_G369G,fprA,439,1.579236,1.6081450000000002,0.9820232,0.3260884,4,3.1519642000000005,1.6375831991070402,4.7312002,-1.5727282,0.953456233802817,False,False
203,fprA_L447R,fprA,447,0.1404615,0.8252636000000001,0.170202,0.8648513000000001,2,1.6175166559999998,4.84873085852678,1.7579781559999998,-1.477055156,0.971795277956989,False,False
204,fprA_L455R,fprA,455,-0.13477650000000002,0.8916556999999999,-0.15115309999999998,0.8798549999999999,3,1.747645172,5.89902458768769,1.6128686719999998,-1.882421672,0.975542148541114,False,False
205,fprA_564_indel,fprA,564,0.5139438000000001,0.43115990000000004,1.1920030000000001,0.23326020000000003,6,0.8450734040000001,0.361710481511811,1.3590172040000001,-0.33112960399999997,0.953456233802817,False,False
206,fprA_808_indel,fprA,808,0.1471504,0.5244335999999999,0.28058920000000004,0.7790255,10,1.027889856,1.86904419430025,1.175040256,-0.8807394559999999,0.9643269446327679,False,False
211,rrs_t-92g:eis_L386I,rrs,-92,0.1256095,1.092914,0.1149308,0.9085,2,2.14211144,9.50932064370927,2.26772094,-2.01650194,0.9838160621761659,False,False
212,rrs_-81_indel,rrs,-81,-0.8474723,1.055509,-0.8029036999999999,0.4220304,2,2.06879764,1.31461435268268,1.22132534,-2.91626994,0.953456233802817,False,False
213,rrs_g-65a,rrs,-65,-0.38082459999999996,0.7778035,-0.48961540000000003,0.624406,4,1.52449486,1.58860085354846,1.14367026,-1.90531946,0.953456233802817,2,True
214,rrs_-42_indel,rrs,-42,-0.5269873,0.8827616,-0.5969758000000001,0.5505234999999999,3,1.730212736,1.4787226227929198,1.2032254359999999,-2.257200036,0.953456233802817,False,False
215,rrs_-26_indel,rrs,-26,-0.0379,0.5676934,-0.06676130000000001,0.9467716999999999,6,1.1126790640000002,8.503319166320841,1.0747790640000001,-1.150579064,0.99147003019802,False,False
216,rrs_-10_indel,rrs,-10,-1.402611,1.537255,-0.9124131,0.36155129999999996,1,3.0130197999999995,1.68482418505559,1.6104088,-4.4156308,0.953456233802817,False,False
217,rrs_t-4g:ccsA_R257C,rrs,-4,-0.8816279,0.46369579999999994,-1.901307,0.057261900000000004,14,0.908843768,0.24388270259781897,0.027215867999999997,-1.7904716680000001,0.509265408510638,2,True
218,rrs_5_indel,rrs,5,1.0519020000000001,0.6492182,1.62026,0.1051765,3,1.272467672,0.4006877743470779,2.324369672,-0.220565672,0.799034866666667,False,False
219,rrs_g5t,rrs,5,-1.1334959999999998,1.500794,-0.7552639,0.4500907,5,2.94155624,1.9871112297140903,1.80806024,-4.07505224,0.953456233802817,2,True
220,rrs_t16c,rrs,16,1.273428,0.8242934999999999,1.544872,0.12237730000000001,3,1.61561526,0.5335674840998079,2.88904326,-0.34218726,0.867012057627119,3,True
221,rrs_t16a,rrs,16,1.01261,1.030825,0.9823295,0.3259375,1,2.0204169999999997,1.04936765450173,3.033027,-1.007807,0.953456233802817,False,False
222,rrs_t17g,rrs,17,-0.1144141,0.5355206,-0.21365029999999996,0.8308198,5,1.049620376,2.5065294664238102,0.935206276,-1.1640344759999999,0.970402231232877,3,True
223,rrs_t23c,rrs,23,-0.3058701,0.7894536,-0.3874453,0.6984266,2,1.547329056,2.03758715400087,1.241458956,-1.8531991559999998,0.9643269446327679,False,False
224,rrs_t23g,rrs,23,-0.7104188,1.076039,-0.6602165,0.5091149,2,2.10903644,1.62982726459519,1.39861764,-2.81945524,0.953456233802817,2,True
225,rrs_g72c,rrs,72,0.3694638,0.7317014000000001,0.504938,0.6136024,2,1.434134744,1.4490917344593999,1.803598544,-1.064670944,0.953456233802817,False,False
226,rrs_g142a,rrs,142,-0.5261132,0.8282966999999999,-0.6351748,0.5253144000000001,2,1.6234615319999999,1.3040452572391101,1.097348332,-2.149574732,0.953456233802817,False,False
227,rrs_159_indel,rrs,159,-1.718551,1.330665,-1.291497,0.1965313,2,2.6081034,1.03032691041756,0.8895523999999999,-4.3266544,0.953456233802817,False,False
228,rrs_t200a,rrs,200,-1.1650200000000002,1.4918719999999999,-0.7809116,0.43485450000000003,1,2.92406912,1.91042391064874,1.75904912,-4.08908912,0.953456233802817,False,False
229,rrs_t213g,rrs,213,0.038891300000000004,0.6833915,0.05690930000000001,0.9546174000000001,3,1.33944734,12.008442563561802,1.37833864,-1.30055604,0.99147003019802,False,False
230,rrs_255_indel,rrs,255,-0.8474723,1.491747,-0.5681073,0.5699621,2,2.92382412,2.62581928873545,2.07635182,-3.77129642,0.953456233802817,False,False
231,rrs_c340t,rrs,340,-1.0372540000000001,1.49214,-0.6951451999999999,0.4869643,1,2.9245944,2.1465154914803897,1.8873403999999998,-3.9618483999999996,0.953456233802817,False,False
232,rrs_c414t,rrs,414,-0.13219160000000002,1.035008,-0.12772039999999998,0.8983703000000002,1,2.02861568,8.10370371539493,1.89642408,-2.16080728,0.977913503645833,False,False
233,rrs_c441t,rrs,441,1.0519020000000001,1.032577,1.018715,0.3083382,1,2.02385092,1.01360702891429,3.07575292,-0.97194892,0.953456233802817,False,False
234,rrs_c492t,rrs,492,-0.35727,0.10473610000000001,-3.411144,0.0006469,361,0.205282756,0.0307040911445405,-0.151987244,-0.562552756,0.012291100000000001,3,True
235,rrs_a514c,rrs,514,0.06878939999999999,0.1126626,0.610579,0.5414783000000001,278,0.220818696,0.184517693696413,0.28960809600000004,-0.152029296,0.953456233802817,24,True
236,rrs_a514t,rrs,514,-0.0085563,0.5465196,-0.0156559,0.9875089,5,1.071178416,34.9080412309246,1.062622116,-1.079734716,1.0,3,True
237,rrs_c517t,rrs,517,-0.48323710000000003,0.19548120000000002,-2.472039,0.0134345,82,0.38314315200000004,0.0790769159765258,-0.100093948,-0.866380252,0.156502683333333,20,True
238,rrs_642_indel,rrs,642,-0.7639775,0.7109877,-1.07453,0.2825853,3,1.3935358919999998,0.6616732947649511,0.6295583920000001,-2.157513392,0.953456233802817,False,False
239,rrs_g655c,rrs,655,-1.064706,1.062653,-1.001932,0.3163765,2,2.08279988,1.0606039586599498,1.01809388,-3.14750588,0.953456233802817,False,False
240,rrs_a703c,rrs,703,0.13245610000000002,0.8078215,0.163967,0.8697571,2,1.58333014,4.92673101399067,1.71578624,-1.45087404,0.973850619148936,2,True
241,rrs_c735g,rrs,735,-1.404919,1.492417,-0.9413716999999999,0.3465144,1,2.92513732,1.58536435331076,1.52021832,-4.33005632,0.953456233802817,False,False
242,rrs_g878a,rrs,878,-0.5661793,0.42605550000000003,-1.328886,0.1838855,10,0.83506878,0.320610960309305,0.26888948,-1.40124808,0.953456233802817,5,True
243,rrs_g891a,rrs,891,-0.10307160000000001,1.056866,-0.09752569999999999,0.922309,2,2.07145736,10.836794441494998,1.96838576,-2.17452896,0.988835054871795,False,False
244,rrs_c905a,rrs,905,0.2700087,0.6603355,0.4088962,0.6826158,4,1.29425758,1.61492193607187,1.56426628,-1.02424888,0.957401040133779,3,True
245,rrs_a906g,rrs,906,-0.1730025,0.2508782,-0.6895876,0.4904536,29,0.49172127200000004,0.363809027240878,0.318718772,-0.664723772,0.953456233802817,9,True
246,rrs_a908c,rrs,908,-0.548234,0.5117142,-1.071368,0.2840042,9,1.002959832,0.477627112659266,0.45472583200000005,-1.5511938319999998,0.953456233802817,7,True
247,rrs_c1001g,rrs,1001,1.152528,1.0330780000000002,1.115625,0.2645828,1,2.02483288,0.926008005084475,3.17736088,-0.87230488,0.953456233802817,False,False
248,rrs_t1011c,rrs,1011,-0.5244131999999999,0.7691541000000001,-0.6818050999999999,0.49536220000000003,3,1.507542036,1.12811429908097,0.9831288359999999,-2.031955236,0.953456233802817,False,False
249,rrs_g1016t,rrs,1016,1.67534,1.332034,1.25773,0.20848930000000002,2,2.61078664,1.0590773079828601,4.28612664,-0.93544664,0.953456233802817,False,False
250,rrs_c1021t,rrs,1021,0.6105967,0.6381379,0.9568413,0.33864740000000004,4,1.250750284,0.666921356463948,1.861346984,-0.640153584,0.953456233802817,False,False
251,rrs_g1027a,rrs,1027,0.2688211,0.8254273000000001,0.3256751,0.7446702,2,1.617837508,2.53451171647348,1.886658608,-1.3490164080000002,0.9643269446327679,False,False
252,rrs_1140_indel,rrs,1140,0.8722869000000001,1.704382,0.5117906,0.6087975999999999,2,3.34058872,3.3302322916049802,4.21287562,-2.46830182,0.953456233802817,False,False
253,rrs_c1141t,rrs,1141,-0.386349,0.6318828000000001,-0.6114251,0.5409182,8,1.238490288,1.03345905628289,0.852141288,-1.6248392880000002,0.953456233802817,2,True
254,rrs_g1148a,rrs,1148,-0.32662340000000006,1.190534,-0.2743503,0.7838154,3,2.33344664,4.33946620222556,2.00682324,-2.66007004,0.9643269446327679,False,False
255,rrs_c1153t,rrs,1153,0.04301169999999999,0.5068768,0.0848564,0.9323756,6,0.9934785279999999,5.9733535381824,1.036490228,-0.9504668279999999,0.9902656583756341,2,True
256,rrs_t1164a,rrs,1164,-0.2660818,1.056468,-0.2518597,0.8011495,2,2.07067728,4.19466733547353,1.80459548,-2.33675908,0.9643269446327679,False,False
257,rrs_g1167a,rrs,1167,-1.455876,1.491592,-0.9760549000000001,0.32903720000000003,1,2.92352032,1.52818419595075,1.46764432,-4.37939632,0.953456233802817,False,False
258,rrs_t1208c,rrs,1208,1.0657020000000001,1.037495,1.027187,0.3043323,1,2.0334901999999997,1.01003458286181,3.0991922,-0.9677882,0.953456233802817,False,False
259,rrs_g1323t,rrs,1323,-0.2660818,1.492425,-0.1782882,0.8584966999999999,2,2.925153,8.3708558068421,2.6590712000000005,-3.1912347999999997,0.971795277956989,2,True
260,rrs_t1327g,rrs,1327,-0.6847032,1.4922739999999999,-0.45883199999999996,0.6463548000000001,1,2.92485704,3.2523313620792202,2.24015384,-3.60956024,0.953456233802817,False,False
261,rrs_a1367g,rrs,1367,1.0519020000000001,0.7633274,1.378048,0.16818829999999999,2,1.496121704,0.553919205012216,2.5480237040000002,-0.444219704,0.953456233802817,False,False
262,rrs_g1379a,rrs,1379,-1.1650200000000002,0.9004785,-1.293779,0.1957418,3,1.76493786,0.696006531185945,0.59991786,-2.92995786,0.953456233802817,False,False
263,rrs_a1401g,rrs,1401,6.782665,0.08181050000000001,82.90699000000001,0.0,495,0.16034858,0.000986774064508567,6.94301358,6.62231642,0.0,33,True
264,rrs_c1402t,rrs,1402,3.243066,0.6444018,5.032677,4.839999999999999e-07,4,1.263027528,0.128043548864944,4.506093528,1.980038472,1.1900705882352901e-05,3,True
265,rrs_c1443g,rrs,1443,-0.2032942,0.6213088000000001,-0.3272032,0.7435142,7,1.217765248,1.89884721235254,1.0144710479999999,-1.421059448,0.9643269446327679,False,False
266,rrs_a1449g,rrs,1449,0.4587138,0.624788,0.734191,0.46283230000000003,4,1.22458448,0.85098823044783,1.68329828,-0.76587068,0.953456233802817,False,False
267,rrs_g1484a,rrs,1484,3.71555,1.6740869999999999,2.219449,0.026456200000000003,2,3.28121052,0.7542806000643242,6.99676052,0.43433948,0.28145612,False,False
268,rrs_g1484t,rrs,1484,3.5567339999999996,0.3352368,10.60962,0.0,9,0.657064128,0.0315974464422248,4.2137981280000005,2.899669872,0.0,6,True
269,rrs_t1491c,rrs,1491,3.1719619999999997,0.9931148999999999,3.193952,0.0014034000000000002,1,1.9465052040000002,0.310936008880942,5.118467204,1.225456796,0.023464847999999996,False,False
270,rrs_g1523a,rrs,1523,3.3277919999999996,0.7082381,4.698691,2.62e-06,2,1.3881466759999999,0.15073093699714699,4.715938676,1.939645324,6.08422222222222e-05,False,False
280,whiB6_g-93c,whiB6,-93,-0.5216929,0.8624771999999999,-0.6048774,0.5452604999999999,3,1.6904553119999999,1.42587127507359,1.168762412,-2.212148212,0.953456233802817,False,False
281,whiB6_c-91t,whiB6,-91,-0.2828692,2.142714,-0.1320145,0.8949729,1,4.19971944,16.2309056121911,3.91685024,-4.48258864,0.977913503645833,False,False
282,whiB6_t-79c:whiB6_a-81t,whiB6,-79,-0.7291781999999999,1.201388,-0.6069464,0.5438864999999999,4,2.35472048,1.9793969794269801,1.62554228,-3.08389868,0.953456233802817,3,True
283,whiB6_g-75a,whiB6,-75,1.152528,1.0330780000000002,1.115625,0.2645828,5,2.02483288,0.926008005084475,3.17736088,-0.87230488,0.953456233802817,4,True
284,whiB6_c-62t,whiB6,-62,1.368097,0.7803545999999999,1.7531740000000002,0.0795722,2,1.529495016,0.445109741298431,2.8975920160000004,-0.161398016,0.641814550943396,False,False
285,whiB6_a-54g,whiB6,-54,-0.2735634,0.3454677,-0.7918639000000001,0.4284401,23,0.677116692,0.436271561704855,0.403553292,-0.950680092,0.953456233802817,False,False
286,whiB6_c-49t,whiB6,-49,-0.7153469,1.093567,-0.6541408000000001,0.5130210999999999,2,2.14339132,1.6717606289885403,1.42804442,-2.85873822,0.953456233802817,2,True
287,whiB6_c-44t,whiB6,-44,-0.6327599,1.494685,-0.4233401,0.6720472,1,2.9295826000000003,3.53069663426048,2.2968227000000003,-3.5623425,0.9563237006756758,False,False
288,whiB6_g-42t,whiB6,-42,0.2959605,0.4801304,0.6164168999999999,0.5376194000000001,18,0.9410555840000001,0.7789052964978771,1.237016084,-0.6450950839999999,0.953456233802817,False,False
289,whiB6_g-27a,whiB6,-27,2.2663450000000003,0.7446479,3.0435119999999998,0.0023383,2,1.459509884,0.24466729247948102,3.725854884,0.8068351159999999,0.0325803133333333,2,True
290,whiB6_a-26c,whiB6,-26,-0.0071024,0.6434006999999999,-0.011038899999999999,0.9911924000000001,4,1.261065372,58.28515160516021,1.253962972,-1.268167772,1.0,3,True
291,whiB6_a-26g,whiB6,-26,-0.209758,1.054673,-0.19888440000000002,0.8423531999999999,2,2.06715908,5.30294499818362,1.85740108,-2.27691708,0.970402231232877,2,True
292,whiB6_g-24a,whiB6,-24,-0.2231199,1.065136,-0.2094755,0.8340770000000001,2,2.08766656,5.08477593659732,1.86454666,-2.31078646,0.970402231232877,2,True
293,whiB6_t-16c,whiB6,-16,0.2753736,0.3711541,0.7419388000000001,0.45812440000000004,11,0.7274620359999999,0.500248992448114,1.002835636,-0.45208843600000004,0.953456233802817,2,True
294,whiB6_c-14t,whiB6,-14,1.0764200000000002,0.46640410000000004,2.307913,0.021004,7,0.914152036,0.20208913295629002,1.9905720359999999,0.16226796400000001,0.231044,3,True
295,whiB6_g-10a,whiB6,-10,-0.6275826,1.488142,-0.4217223,0.6732276999999999,1,2.91675832,3.5287253218365198,2.28917572,-3.54434092,0.9563237006756758,False,False
296,whiB6_M1T,whiB6,1,0.3073759,0.6788860999999999,0.452765,0.650718,6,1.330616756,1.49942248814305,1.637992656,-1.023240856,0.9543864,2,True
297,whiB6_Y3Y,whiB6,3,0.36343509999999996,0.4216443,0.8619471,0.38871659999999997,10,0.826422828,0.489176515208603,1.189857928,-0.462987728,0.953456233802817,3,True
298,whiB6_Y3C,whiB6,3,-0.6246563,1.062322,-0.5880105,0.5565251999999999,2,2.08215112,1.8066383572598201,1.45749482,-2.70680742,0.953456233802817,False,False
299,whiB6_4_indel,whiB6,4,-2.465804,0.7127525,-3.4595519999999995,0.0005411000000000001,2,1.3969949,0.20602453652287503,-1.0688091,-3.8627989,0.0107704666666667,False,False
300,whiB6_E8D,whiB6,8,-0.12048319999999998,0.5143239000000001,-0.23425549999999998,0.8147866,5,1.008074844,2.1955681299235903,0.887591644,-1.128558044,0.9643269446327679,False,False
301,whiB6_E8K,whiB6,8,-0.4594067,0.95854,-0.47927759999999997,0.6317411999999999,6,1.8787383999999998,1.99996850633654,1.4193316999999999,-2.3381451,0.953456233802817,False,False
302,whiB6_W16R,whiB6,16,5.01e-16,2.108278,2.3799999999999997e-16,1.0,1,4.13222488,8871928393780439.0,4.13222488,-4.13222488,1.0,False,False
303,whiB6_R17G,whiB6,17,0.15693270000000004,0.4083374,0.38432109999999997,0.7007405,16,0.800341304,1.06249004980326,0.9572740040000001,-0.643408604,0.9643269446327679,5,True
304,whiB6_R17R,whiB6,17,0.1297083,0.2591116,0.5005883,0.6166609000000001,35,0.507858736,0.5176139171861789,0.637567036,-0.37815043600000003,0.953456233802817,9,True
305,whiB6_R17S,whiB6,17,-1.0372540000000001,1.056066,-0.9821873,0.32600759999999995,2,2.06988936,1.07521918098749,1.03263536,-3.10714336,0.953456233802817,False,False
306,whiB6_N18N,whiB6,18,-0.2660818,0.9013954,-0.2951887,0.7678497,3,1.766734984,3.0536236117658597,1.5006531840000001,-2.032816784,0.9643269446327679,False,False
307,whiB6_M21T,whiB6,21,-0.0385945,0.6010153,-0.0642155,0.9487985999999999,8,1.177989988,9.35934889256475,1.139395488,-1.216584488,0.99147003019802,2,True
308,whiB6_V23G,whiB6,23,1.1179459999999999,1.5907870000000002,0.7027625,0.48220379999999996,10,3.11794252,2.2636185284164,4.23588852,-1.99999652,0.953456233802817,False,False
309,whiB6_A25P:rrs_a1278g,whiB6,25,0.2564612,1.295691,0.1979339,0.8430968000000001,2,2.53955436,6.546078578283969,2.79601556,-2.28309316,0.970402231232877,False,False
310,whiB6_Y27!,whiB6,27,-0.3869847,0.7452696999999999,-0.5192545999999999,0.6035832,7,1.4607286119999998,1.43526843758446,1.073743912,-1.8477133119999998,0.953456233802817,4,True
311,whiB6_E28Q,whiB6,28,-0.9538349,0.7536893,-1.265555,0.2056726,4,1.477231028,0.5955407596581861,0.523396128,-2.431065928,0.953456233802817,2,True
312,whiB6_V29V,whiB6,29,0.38462340000000006,1.064998,0.3611495,0.7179876999999999,2,2.08739608,2.9489124686745503,2.47201948,-1.70277268,0.9643269446327679,False,False
313,whiB6_C34Y,whiB6,34,-0.5798390999999999,0.7274731,-0.7970590999999999,0.42541670000000004,5,1.4258472759999998,0.9126964898083101,0.8460081759999999,-2.005686376,0.953456233802817,False,False
314,whiB6_D37H,whiB6,37,2.0,1.812947,1.103176,0.2699507,1,3.55337612,1.6433884124045,5.55337612,-1.55337612,0.953456233802817,False,False
315,whiB6_D37G,whiB6,37,0.2825176,0.5913968000000001,0.4777124,0.6328549,5,1.159137728,1.2379765899548898,1.4416553280000002,-0.876620128,0.953456233802817,False,False
316,whiB6_P38A,whiB6,38,-0.2592749,0.5450218000000001,-0.4757148,0.6342776,8,1.068242728,1.1456903945397,0.808967828,-1.327517628,0.953456233802817,False,False
317,whiB6_P38L,whiB6,38,-0.642796,0.36481790000000003,-1.7619639999999999,0.07807539999999999,39,0.715043084,0.20705184873647303,0.0722470839999999,-1.357839084,0.641814550943396,3,True
318,whiB6_P38S,whiB6,38,-0.8474723,1.491747,-0.5681073,0.5699621,1,2.92382412,2.62581928873545,2.07635182,-3.77129642,0.953456233802817,False,False
319,whiB6_R40C,whiB6,40,1.402153,0.8743209000000001,1.6037059999999999,0.1087789,2,1.713668964,0.5451880331011021,3.1158219639999998,-0.311515964,0.799034866666667,2,True
320,whiB6_R40H,whiB6,40,-0.2660818,0.8761747999999999,-0.3036857,0.7613673000000001,3,1.717302608,2.8851363759379303,1.4512208080000002,-1.983384408,0.9643269446327679,False,False
321,whiB6_W41!,whiB6,41,-1.234149,0.769953,-1.6028879999999999,0.10895930000000001,6,1.50910788,0.480353362688784,0.27495888,-2.74325688,0.799034866666667,4,True
322,whiB6_T42M,whiB6,42,-0.8846599,1.0445200000000001,-0.8469534,0.39702109999999996,2,2.0472592,1.23326719160663,1.1625993000000001,-2.9319191000000004,0.953456233802817,2,True
323,whiB6_T43P,whiB6,43,0.9359542,0.7356484000000001,1.272285,0.203272,2,1.441870864,0.578210524000597,2.377825064,-0.505916664,0.953456233802817,2,True
324,whiB6_T44I,whiB6,44,0.40847859999999997,1.511688,0.2702136,0.7869959,2,2.96290848,5.59441941228745,3.37138708,-2.55442988,0.9643269446327679,2,True
325,whiB6_T44P,whiB6,44,-1.166536,1.502901,-0.7761893,0.4376372,11,2.94568596,1.93625521698516,1.77914996,-4.11222196,0.953456233802817,2,True
326,whiB6_D46H:fprA_E430K,whiB6,46,0.9532884,0.9390381999999999,1.015175,0.3100223,2,1.840514872,0.92500101864162,2.793803272,-0.887226472,0.953456233802817,False,False
327,whiB6_D46G,whiB6,46,-0.2699341,0.8140163,-0.3316077,0.7401854999999999,2,1.5954719480000001,2.45475668567139,1.325537848,-1.865406048,0.9643269446327679,2,True
328,whiB6_D46E,whiB6,46,-0.4016502,0.8177879,-0.4911423,0.6233258,2,1.602864284,1.66507336330571,1.201214084,-2.004514484,0.953456233802817,2,True
329,whiB6_D46A,whiB6,46,-1.022681,1.491516,-0.6856654999999999,0.492924,3,2.92337136,2.17528239818282,1.90069036,-3.94605236,0.953456233802817,2,True
330,whiB6_D47G,whiB6,47,0.6207784000000001,0.8259921999999998,0.7515548000000001,0.4523188,2,1.6189447119999998,1.0990445454623399,2.239723112,-0.9981663120000001,0.953456233802817,False,False
331,whiB6_K50K,whiB6,50,-0.8474723,1.079006,-0.7854194999999999,0.4322076,2,2.11485176,1.37379587278074,1.26737946,-2.96232406,0.953456233802817,False,False
332,whiB6_T51P,whiB6,51,-0.2595786,0.3415578,-0.7599842,0.44726400000000005,117,0.6694532879999999,0.449427382460804,0.409874688,-0.9290318879999999,0.953456233802817,False,False
333,whiB6_L52Q,whiB6,52,-0.6847032,1.4922739999999999,-0.45883199999999996,0.6463548000000001,1,2.92485704,3.2523313620792202,2.24015384,-3.60956024,0.953456233802817,False,False
334,whiB6_C53G,whiB6,53,0.613887,0.3168607,1.937403,0.0526961,15,0.621046972,0.163549160031879,1.234933972,-0.00715997200000007,0.489488217777778,8,True
335,whiB6_C53R,whiB6,53,0.4695677,0.4125365,1.1382450000000002,0.2550181,9,0.80857154,0.36243200678464504,1.27813924,-0.33900384,0.953456233802817,7,True
336,whiB6_C53W,whiB6,53,0.3529969,0.8065616999999999,0.43765640000000006,0.6616354,2,1.5808609319999998,1.8429107335132098,1.933857832,-1.227864032,0.9563237006756758,2,True
337,whiB6_R54P,whiB6,54,0.8710783999999999,0.7787575,1.118549,0.2633326,5,1.5263646999999998,0.696221194104055,2.3974431000000003,-0.6552863,0.953456233802817,2,True
338,whiB6_R54G,whiB6,54,-0.41327200000000003,0.8999745000000001,-0.4592041,0.6460876,3,1.76395002,1.95985719005945,1.35067802,-2.17722202,0.953456233802817,False,False
339,whiB6_P57P,whiB6,57,0.784269,1.033793,0.7586321999999999,0.4480726,1,2.02623428,1.36270586603449,2.81050328,-1.24196528,0.953456233802817,False,False
340,whiB6_P57L,whiB6,57,0.25612070000000003,0.4426673,0.5785851,0.5628691,8,0.867627908,0.765085908672317,1.1237486079999999,-0.611507208,0.953456233802817,False,False
341,whiB6_R59W,whiB6,59,0.26701579999999997,0.6094996,0.4380902,0.6613209,3,1.194619216,1.39126509517474,1.461635016,-0.927603416,0.9563237006756758,2,True
342,whiB6_W60!,whiB6,60,0.5408486,0.7350557,0.7357925999999999,0.4618569,3,1.4407091719999998,0.998998392715614,1.981557772,-0.899860572,0.953456233802817,3,True
343,whiB6_W60S,whiB6,60,-1.241367,1.4908549999999998,-0.8326548,0.40503940000000005,2,2.9220758,1.79048470841016,1.6807088,-4.1634428,0.953456233802817,2,True
344,whiB6_A63V,whiB6,63,1.51e-14,1.839505,8.2e-15,1.0,2,3.6054297999999996,224091300995033.0,3.6054298000000204,-3.6054297999999796,1.0,False,False
345,whiB6_A63E,whiB6,63,-0.3671684,0.8634976000000001,-0.4252107,0.6706831,3,1.6924552959999999,2.0307523882931102,1.325286896,-2.059623696,0.9563237006756758,False,False
346,whiB6_R64L,whiB6,64,-1.0644200000000001,1.4866469999999998,-0.7159871999999999,0.47399929999999996,3,2.91382812,2.07636017982469,1.84940812,-3.97824812,0.953456233802817,2,True
347,whiB6_A66V,whiB6,66,-0.3671684,1.4863,-0.24703520000000004,0.8048810000000001,1,2.913148,6.016551778421019,2.5459796000000003,-3.2803164,0.9643269446327679,False,False
348,whiB6_A66T,whiB6,66,-1.218259,0.4719107,-2.581546,0.0098359,10,0.924944972,0.182801611787387,-0.293314028,-2.143203972,0.12848144375,False,False
349,whiB6_G71G:whiB6_A6E,whiB6,71,-0.2369417,0.6978595000000001,-0.3395263,0.7342133000000001,3,1.36780462,2.05539118584973,1.13086292,-1.60474632,0.9643269446327679,False,False
350,whiB6_A72G,whiB6,72,-0.14959,0.446036,-0.3353764,0.7373411999999999,12,0.87423056,1.32995596828665,0.72464056,-1.02382056,0.9643269446327679,False,False
351,whiB6_W76G,whiB6,76,1.558526,2.147421,0.7257661,0.4679822,1,4.20894516,2.95883222432029,5.76747116,-2.65041916,0.953456233802817,False,False
352,whiB6_W76!,whiB6,76,0.7195549,0.6968827,1.032534,0.3018221,3,1.365890092,0.674924870304253,2.0854449919999998,-0.646335192,0.953456233802817,3,True
353,whiB6_A77S,whiB6,77,0.1424386,1.048511,0.13584839999999998,0.8919411,1,2.05508156,7.718240119749839,2.19752016,-1.91264296,0.977913503645833,False,False
354,whiB6_A77V,whiB6,77,0.0503653,0.43131769999999997,0.11677069999999999,0.9070418,34,0.845382692,3.69371290021682,0.895747992,-0.795017392,0.9838160621761659,2,True
355,whiB6_A77A,whiB6,77,-0.0385516,0.7366515,-0.052333500000000005,0.9582629,3,1.44383694,14.076080693207299,1.40528534,-1.48238854,0.99147003019802,False,False
356,whiB6_77_indel,whiB6,77,-0.13829160000000001,1.072619,-0.128929,0.8974138,2,2.10233324,8.3194606119316,1.96404164,-2.24062484,0.977913503645833,2,True
357,whiB6_A77E,whiB6,77,-0.3724127,1.084393,-0.3434296,0.7312753000000001,2,2.12541028,3.1575404878754103,1.75299758,-2.49782298,0.9643269446327679,False,False
358,whiB6_V79G,whiB6,79,0.5368539999999999,0.6229411,0.8618054,0.3887946,4,1.220964556,0.722832677169603,1.757818556,-0.6841105559999999,0.953456233802817,2,True
359,whiB6_V79A,whiB6,79,-0.7598161,0.8990439,-0.845138,0.3980338,3,1.7621260440000002,1.06378363676054,1.002309944,-2.521942144,0.953456233802817,False,False
360,whiB6_82_indel,whiB6,82,-0.5912408,0.6633085999999999,-0.8913511000000001,0.3727408,5,1.300084856,0.744160921969458,0.7088440559999999,-1.891325656,0.953456233802817,5,True
361,whiB6_G85S,whiB6,85,-0.9970109,1.491475,-0.6684730999999999,0.5038317,5,2.923291,2.23116685647569,1.9262801,-3.9203019,0.953456233802817,2,True
362,whiB6_R88W,whiB6,88,0.5302328000000001,0.5509566999999999,0.9623857,0.33585590000000004,6,1.079875132,0.572490583899921,1.6101079319999998,-0.549642332,0.953456233802817,4,True
363,whiB6_F90L,whiB6,90,2.063901,1.49425,1.381229,0.16720870000000002,1,2.92873,1.08182662952341,4.992630999999999,-0.8648290000000001,0.953456233802817,False,False
364,whiB6_F90V,whiB6,90,1.129253,1.006406,1.1220649999999999,0.26183470000000003,1,1.97255576,0.8969230427866921,3.10180876,-0.84330276,0.953456233802817,False,False
365,whiB6_F90S,whiB6,90,-0.5113397,1.097816,-0.465779,0.6413736999999999,2,2.15171936,2.35694582262242,1.64037966,-2.66305906,0.953456233802817,2,True
366,whiB6_A91E,whiB6,91,-1.125313,1.491108,-0.7546819,0.4504398,1,2.92257168,1.9758085685173798,1.79725868,-4.04788468,0.953456233802817,False,False
367,whiB6_L92S,whiB6,92,-1.226896,0.4862142,-2.523365,0.0116238,6,0.952979832,0.19268483089164898,-0.273916168,-2.179875832,0.14290436470588197,2,True
368,whiB6_Q94E,whiB6,94,-0.3796704,0.1716041,-2.212479,0.026933600000000002,194,0.336344036,0.0775619251245554,-0.043326364000000006,-0.7160144359999999,0.28145612,5,True
369,whiB6_L95V,whiB6,95,-0.1505651,0.7822094,-0.192487,0.8473608,2,1.533130424,4.06370098680478,1.382565324,-1.683695524,0.970402231232877,False,False
370,whiB6_L95R,whiB6,95,-2.6064279999999997,0.6016691,-4.331996,1.4800000000000002e-05,3,1.1792714359999998,0.13888958601381302,-1.4271565640000001,-3.7856994360000003,0.0003256,2,True
371,whiB6_R96R,whiB6,96,-0.0983187,0.6959387,-0.1412749,0.8876528,5,1.3640398519999999,4.92612976125285,1.265721152,-1.462358552,0.977913503645833,False,False
372,whiB6_R96!,whiB6,96,-1.248609,1.024015,-1.219327,0.22272020000000003,3,2.0070694,0.8398199277956508,0.7584604,-3.2556784,0.953456233802817,3,True
373,whiB6_S97P,whiB6,97,0.12469200000000001,0.47695519999999997,0.2614334,0.7937583,11,0.934832192,1.8243853880524799,1.059524192,-0.810140192,0.9643269446327679,2,True
374,whiB6_L98R,whiB6,98,-0.4666477,1.6825189999999999,-0.2773506,0.7815109,1,3.29773724,6.06639695290687,2.83108954,-3.76438494,0.9643269446327679,False,False
375,whiB6_R101C,whiB6,101,-1.0372540000000001,1.056066,-0.9821873,0.32600759999999995,2,2.06988936,1.07521918098749,1.03263536,-3.10714336,0.953456233802817,False,False
376,whiB6_R107C,whiB6,107,-0.4191432,0.3112414,-1.346682,0.1780827,108,0.610033144,0.231117215008999,0.19088994399999998,-1.0291763440000001,0.953456233802817,2,True
377,whiB6_R110W,whiB6,110,-0.2660818,0.9013954,-0.2951887,0.7678497,3,1.766734984,3.0536236117658597,1.5006531840000001,-2.032816784,0.9643269446327679,False,False
378,whiB6_R110R,whiB6,110,-0.8078595000000001,1.077313,-0.7498838000000001,0.4533247,2,2.11153348,1.43664003452209,1.30367398,-2.91939298,0.953456233802817,False,False
379,whiB6_S115A,whiB6,115,0.1256095,0.9077761000000001,0.13837049999999998,0.8899476000000001,3,1.7792411559999999,6.56047072658684,1.904850656,-1.653631656,0.977913503645833,False,False
380,whiB6_132_indel,whiB6,132,-0.3149606,0.8260662,-0.3812777,0.7029972,2,1.6190897519999998,2.16657374535875,1.304129152,-1.9340503519999999,0.9643269446327679,2,True
381,whiB6_152_indel,whiB6,152,-0.4678321,0.7174469,-0.6520792,0.5143501,3,1.4061959240000002,1.10024526816268,0.9383638240000001,-1.874028024,0.953456233802817,3,True
382,whiB6_156_indel,whiB6,156,0.49898059999999994,0.5362416999999999,0.9305143,0.3521048,6,1.051033732,0.576285252009577,1.550014332,-0.5520531320000001,0.953456233802817,3,True
383,whiB6_167_indel,whiB6,167,1.2784799999999998,1.012831,1.262284,0.2068466,1,1.98514876,0.8023798843634631,3.26362876,-0.70666876,0.953456233802817,False,False
384,whiB6_189_indel,whiB6,189,0.5589675000000001,0.8284450999999999,0.6747188000000001,0.4998544,2,1.623752396,1.22783754639404,2.182719896,-1.064784896,0.953456233802817,2,True
385,whiB6_199_indel,whiB6,199,-0.6165392,1.049015,-0.5877315,0.5567125,2,2.0560694,1.78485402100142,1.4395301999999999,-2.6726086,0.953456233802817,2,True
386,whiB6_214_indel,whiB6,214,-0.2120286,1.060661,-0.19990229999999998,0.841557,2,2.07889556,5.30589626550852,1.86686696,-2.29092416,0.970402231232877,False,False
387,whiB6_223_indel,whiB6,223,-0.4741656,0.8442039000000001,-0.5616718,0.5743396,3,1.654639644,1.5030196723997098,1.1804740440000001,-2.128805244,0.953456233802817,3,True
388,whiB6_232_indel,whiB6,232,-0.0545038,0.6371859000000001,-0.0855383,0.9318334,4,1.248884364,7.44912962323379,1.194380564,-1.303388164,0.9902656583756341,3,True
389,whiB6_236_indel,whiB6,236,-0.4255933,0.3879797,-1.096948,0.2726643,12,0.760440212,0.35369036028548906,0.334846912,-1.186033512,0.953456233802817,9,True
390,whiB6_255_indel,whiB6,255,-1.189225,0.853355,-1.3935870000000001,0.1634422,3,1.6725758000000002,0.6123439685719689,0.48335079999999997,-2.8618007999999997,0.953456233802817,3,True
391,whiB6_279_indel,whiB6,279,-0.6536418,1.041452,-0.6276252,0.5302495,2,2.04124592,1.6593526734428603,1.38760412,-2.69488772,0.953456233802817,False,False
392,whiB6_307_indel,whiB6,307,-0.645768,0.5556071,-1.162274,0.24512399999999998,7,1.0889899159999998,0.478034293384637,0.443221916,-1.734757916,0.953456233802817,4,True
393,whiB6_315_indel,whiB6,315,-0.40801190000000004,0.7347853,-0.5552804,0.5787029,3,1.440179188,1.32326884852155,1.032167288,-1.848191088,0.953456233802817,2,True
394,whiB6_321_indel,whiB6,321,0.2395732,0.7780331,0.30792159999999996,0.758142,3,1.524944876,2.5267246281955202,1.7645180759999999,-1.285371676,0.9643269446327679,2,True
395,whiB7_t-100c,whiB7,-100,-0.5455559,0.178555,-3.0553939999999997,0.0022476999999999996,94,0.3499678,0.058439269055655,-0.19558810000000001,-0.8955236999999999,0.0323978827586207,False,False
396,whiB7_a-89g,whiB7,-89,-0.3484122,0.6770064,-0.5146364,0.6068071,6,1.3269325440000002,1.31550406570424,0.9785203440000001,-1.675344744,0.953456233802817,False,False
397,whiB7_a-80c,whiB7,-80,-1.091056,0.6006279999999999,-1.8165259999999999,0.0692897,6,1.17723088,0.330646634438562,0.08617488,-2.26828688,0.603397804166667,5,True
398,whiB7_c-71g,whiB7,-71,0.47641590000000006,0.7363396,0.6470057,0.5176282999999999,3,1.4432256159999999,1.1380728613972801,1.919641516,-0.966809716,0.953456233802817,False,False
399,whiB7_t-57g,whiB7,-57,0.17944870000000002,0.6514284,0.2754696,0.7829555,4,1.2767996640000001,2.36479261385878,1.4562483640000001,-1.097350964,0.9643269446327679,2,True
400,whiB7_g-56a,whiB7,-56,0.10614460000000002,1.4870889999999999,0.0713775,0.9430974,1,2.91469444,20.834161077633702,3.02083904,-2.80854984,0.99147003019802,False,False
401,whiB7_c-53t,whiB7,-53,-0.5296472,0.49987120000000007,-1.059567,0.2893415,10,0.9797475520000001,0.471769163679974,0.45010035200000004,-1.509394752,0.953456233802817,False,False
402,whiB7_a-24g,whiB7,-24,-0.1926273,0.7547134,-0.2552324,0.7985436,3,1.4792382640000001,2.95696568523548,1.286610964,-1.671865564,0.9643269446327679,False,False
403,whiB7_V3A,whiB7,3,-0.1503941,0.8247595,-0.1823491,0.8553088,2,1.61652862,4.522971531730629,1.46613452,-1.76692272,0.971795277956989,False,False
404,whiB7_T5T,whiB7,5,0.8033359999999999,0.8449243000000001,0.9507787,0.3417167,2,1.6560516280000002,0.8886656053388491,2.459387628,-0.852715628,0.953456233802817,2,True
405,whiB7_V6V,whiB7,6,-1.0366600000000001,0.7963645,-1.301741,0.1930049,4,1.56087442,0.61176896654665,0.52421442,-2.59753442,0.953456233802817,False,False
406,whiB7_P11S,whiB7,11,-0.13161389999999998,0.6752988,-0.19489720000000002,0.8454734,5,1.323585648,3.46489595157837,1.191971748,-1.4551995480000002,0.970402231232877,False,False
407,whiB7_R12K,whiB7,12,-1.318094,1.064116,-1.238675,0.21546579999999999,2,2.08566736,0.859075954716431,0.76757336,-3.40376136,0.953456233802817,False,False
408,whiB7_C20C,whiB7,20,-0.6040055999999999,1.081092,-0.5586996,0.5763666999999999,2,2.11894032,1.93501502711895,1.51493472,-2.72294592,0.953456233802817,False,False
409,whiB7_L42P,whiB7,42,0.3164982,0.31559770000000004,1.002853,0.3159316,18,0.6185714920000001,0.314699762100669,0.935069692,-0.302073292,0.953456233802817,False,False
410,whiB7_R50L,whiB7,50,-0.5216929,1.4918040000000001,-0.34970609999999996,0.7265592,1,2.92393584,4.26587974345827,2.40224294,-3.44562874,0.9643269446327679,False,False
411,whiB7_Q58R,whiB7,58,0.09345099999999999,1.6686779999999999,0.056003,0.9553394000000001,1,3.27060888,29.7962169231362,3.36405988,-3.17715788,0.99147003019802,False,False
412,whiB7_A60A,whiB7,60,-0.3164444,1.492681,-0.2119974,0.8321091,1,2.92565476,7.041036490963339,2.60921036,-3.24209916,0.970402231232877,False,False
413,whiB7_K80Q:whiB7_H79Q,whiB7,80,0.0824617,0.9868860999999999,0.0835575,0.9334083000000001,17,1.934296756,11.8108670373423,2.016758456,-1.8518350559999999,0.9902656583756341,False,False
414,whiB7_192_indel:whiB6_R54Q,whiB7,192,-0.5390020999999999,0.2778842,-1.9396650000000002,0.0524205,42,0.544653032,0.143264058914873,0.005650931999999999,-1.083655132,0.489488217777778,3,True
415,whiB7_193_indel,whiB7,193,-0.0265476,1.031482,-0.025737400000000004,0.9794668,2,2.02170472,40.0772618362489,1.99515712,-2.04825232,1.0,False,False
416,whiB7_246_indel:whiB7_R81H,whiB7,246,0.030143700000000002,0.9768664,0.030857599999999995,0.9753831000000001,17,1.9146581440000001,31.657293678246496,1.9448018440000001,-1.8845144440000001,0.999289548529412,2,True
417,whiB7_262_indel,whiB7,262,0.0447365,0.44444849999999997,0.1006562,0.9198234000000001,7,0.87111906,4.4155101349513295,0.91585556,-0.82638256,0.988835054871795,6,True
107,_cons,DRUG,16,-2.2842689999999997,0.0661007,-34.5574,0.0,0,0.129557372,0.0019127793357481102,-2.1547116280000003,-2.413826372,0.0,False,False
108,ns[cluster100]),DRUG,17,0.0972235,0.0130066,7.47496,7.73e-14,0,0.025492936,0.0017400283219592,0.122716436,0.07173056400000001,3.59015555555556e-12,False,False
109,og2mic),DRUG,18,0.8793757,0.0193943,45.3419,0.0,0,0.038012828,0.00042773398501914505,0.9173885279999999,0.841362872,0.0,False,False
207,1.lineage,LINEAGE,1,0.20838829999999997,0.5134385,0.40586809999999995,0.6848395,0,1.00633946,1.2650378801605,1.21472776,-0.79795116,0.957401040133779,False,False
208,2.lineage,LINEAGE,2,-0.3682588,0.0576605,-6.386671,1.7e-10,0,0.11301458,0.00902825203430305,-0.25524422,-0.48127338,7.106e-09,False,False
209,3.lineage,LINEAGE,3,-0.4186214,0.06934960000000001,-6.036389,1.58e-09,0,0.135925216,0.0114885837660473,-0.28269618399999996,-0.554546616,5.5036666666666696e-08,False,False
210,6.lineage,LINEAGE,5,0.3267272,0.6444013000000001,0.5070243,0.6121376999999999,0,1.263026548,1.2709472472499699,1.5897537480000001,-0.9362993479999999,0.953456233802817,False,False
271,3.siteid,SITEID,7,-0.6940381,0.0763333,-9.092206,0.0,0,0.149613268,0.008395465160903991,-0.544424832,-0.843651368,0.0,False,False
272,4.siteid,SITEID,8,-0.5310279,0.0841782,-6.308376,2.82e-10,0,0.164989272,0.013343873938148997,-0.366038628,-0.696017172,1.0716000000000001e-08,False,False
273,5.siteid,SITEID,9,-0.2676332,0.0762127,-3.5116629999999995,0.00044530000000000004,0,0.14937689199999998,0.0217027470481614,-0.118256308,-0.41701009200000005,0.00930677,False,False
274,6.siteid,SITEID,10,0.24014459999999999,0.07584489999999999,3.16626,0.0015440999999999999,0,0.148656004,0.0239541045520491,0.388800604,0.09148859599999999,0.0239049555555556,False,False
275,8.siteid,SITEID,11,0.1891882,0.0740293,2.555586,0.0106009,0,0.145097428,0.0289676483971516,0.334285628,0.044090772,0.134278066666667,False,False
276,10.siteid,SITEID,12,-0.050711,0.08021829999999999,-0.632163,0.5272804,0,0.15722786800000002,0.12689506526966499,0.106516868,-0.207938868,0.953456233802817,False,False
277,11.siteid,SITEID,13,0.5470649000000001,0.5685898,0.9621434000000001,0.3359776,0,1.114436008,0.59096162203797,1.661500908,-0.567371108,0.953456233802817,False,False
278,14.siteid,SITEID,14,0.9164606,0.1052971,8.703566,0.0,0,0.206382316,0.0120981515936528,1.122842916,0.7100782840000001,0.0,False,False
279,20.siteid,SITEID,15,0.6158637,0.1066963,5.77212,7.83e-09,0,0.209124748,0.0184847725782344,0.8249884479999999,0.40673895200000004,2.3378142857142898e-07,False,False
