,MUTS,GENE,POSITION,COEF,SE,Z,P,COUNTS,corrected_se,other_se,ci_hi,ci_lo,BH_PVAL,LINEAGE,HOMOPLASY
7,rplC_D18N,rplC,18,-0.6865281,0.5955434000000001,-1.152776,0.24900239999999998,3,1.167265064,0.5166167871112051,0.480736964,-1.853793164,0.671161989795918,,False
8,rplC_T27T,rplC,27,-0.2114532,0.3575316,-0.5914251,0.5542355999999999,7,0.7007619359999999,0.604525469458774,0.489308736,-0.9122151359999999,0.935286333333333,,False
9,rplC_A31T,rplC,31,-0.16831529999999997,0.32860209999999995,-0.5122161,0.6084998,8,0.644060116,0.641530152781179,0.475744816,-0.812375416,0.9507809375,,False
10,rplC_R38C,rplC,38,0.1225279,0.6576799,0.1863032,0.8522069999999999,2,1.289052604,3.53015803636568,1.411580504,-1.166524704,0.9619745967741941,,False
11,rplC_T67T,rplC,67,-0.033224800000000006,0.17629389999999998,-0.18846229999999997,0.8505142,50,0.345536044,0.9354319417185358,0.312311244,-0.378760844,0.9619745967741941,,False
12,rplC_T71T,rplC,71,-0.3410204,0.41808490000000004,-0.8156726,0.4146874,10,0.819446404,0.512564596159086,0.47842600399999996,-1.1604668040000001,0.82279246031746,,False
13,rplC_A72T,rplC,72,0.489004,0.9277731,0.5270729000000001,0.598143,1,1.818435276,1.76023698187256,2.3074392759999998,-1.329431276,0.9507809375,,False
14,rplC_L86L,rplC,86,-0.0379158,0.5936640999999999,-0.0638674,0.9490758,3,1.163581636,9.295255899356212,1.125665836,-1.201497436,0.9619745967741941,,False
15,rplC_T93A,rplC,93,-0.1235711,0.5951116999999999,-0.20764349999999998,0.8355073000000001,3,1.166418932,2.86602559560358,1.042847832,-1.289990032,0.9619745967741941,,False
16,rplC_V97I,rplC,97,-0.0896485,0.4186742,-0.21412470000000003,0.8304497999999999,10,0.820601432,1.9552818591012702,0.730952932,-0.910249932,0.9619745967741941,,False
17,rplC_T115A,rplC,115,0.14638199999999998,0.3688336,0.3968783,0.6914571999999999,20,0.7229138559999999,0.92933710762908,0.8692958559999999,-0.576531856,0.954833684210526,,False
18,rplC_G120S,rplC,120,0.2826478,0.5390308000000001,0.524363,0.6000261,3,1.056500368,1.02797263360493,1.339148168,-0.773852568,0.9507809375,,False
19,rplC_G152G,rplC,152,0.20823160000000002,0.49077,0.42429570000000005,0.6713501999999999,4,0.9619091999999999,1.15666975089276,1.1701408000000002,-0.7536776,0.954833684210526,,False
20,rplC_C154R,rplC,154,2.504044,0.1428666,17.52714,0.0,43,0.28001853600000004,0.008151160840448491,2.7840625360000004,2.224025464,0.0,"[2, 3, 4]",True
21,rplC_V160V,rplC,160,-0.4563863,0.9348905999999999,-0.48817079999999996,0.6254289000000001,1,1.8323855759999998,1.9150891119395101,1.375999276,-2.2887718759999998,0.954719969512195,,False
22,rplC_V182V,rplC,182,-0.4063492,0.4506998,-0.901596,0.36727150000000003,8,0.8833716079999999,0.499891004387458,0.47702240799999995,-1.289720808,0.778117584745763,,False
23,rplC_H183Y,rplC,183,0.6673278,0.6562574999999999,1.016869,0.3092158,2,1.2862646999999998,0.645370845192198,1.9535924999999998,-0.6189369,0.7157773148148149,,False
24,rplC_V185I,rplC,185,-0.5730668999999999,0.28444040000000004,-2.0147169999999996,0.0439343,12,0.557503184,0.141181319584432,-0.0155637160000001,-1.1305700840000001,0.249626704545455,,False
25,rplC_R209R,rplC,209,0.2469152,0.6386943,0.3865937,0.6990569999999999,2,1.251840828,1.65210731802858,1.498756028,-1.004925628,0.954833684210526,,False
26,rplC_R214Q,rplC,214,0.1622691,0.9307339,0.17434539999999998,0.8615940999999999,1,1.8242384440000001,5.33845071310071,1.986507544,-1.661969344,0.9619745967741941,,False
27,rrl_a-71c,rrl,-71,-0.24895540000000002,0.9339185,-0.2665708,0.7897996,1,1.83048026,3.5034538903042503,1.58152486,-2.07943566,0.9619745967741941,,False
28,rrl_g-49c,rrl,-49,0.18274229999999997,0.3562281,0.5129925000000001,0.6079566,7,0.698207076,0.694412072243865,0.8809493759999999,-0.5154647760000001,0.9507809375,,False
29,rrl_g-43c,rrl,-43,0.6167796999999999,0.44181499999999996,1.396013,0.1627104,5,0.8659574000000001,0.316483331447193,1.4827371,-0.2491777,0.535231578947368,,False
30,rrl_a-21g,rrl,-21,-0.458079,0.2590877,-1.768046,0.07705319999999999,12,0.507811892,0.146538995001495,0.049732892,-0.965890892,0.3439875,,False
31,rrl_g3a,rrl,3,-0.17701470000000002,0.6538763000000001,-0.2707158,0.7866095999999999,2,1.281597548,2.41535994299733,1.104582848,-1.4586122480000001,0.9619745967741941,,False
32,rrl_g19a,rrl,19,0.2337183,0.656353,0.3560862,0.721776,2,1.28645188,1.8432414603777298,1.52017018,-1.05273358,0.954833684210526,,False
33,rrl_a179g,rrl,179,0.7778273,0.6780142,1.147214,0.25129320000000005,2,1.328907832,0.591009412245675,2.106735132,-0.5510805320000001,0.671161989795918,,False
34,rrl_c211t,rrl,211,0.0601937,0.36875009999999997,0.1632372,0.8703315999999999,10,0.7227501959999999,2.2589845158215898,0.7829438959999999,-0.662556496,0.9619745967741941,,False
35,rrl_t214g,rrl,214,0.5736137,0.9285409,0.6177581,0.5367348000000001,1,1.8199401640000001,1.50308160870776,2.3935538640000003,-1.246326464,0.93183125,,False
36,rrl_t236c,rrl,236,0.6027904000000001,0.5376486999999999,1.12116,0.2622196,3,1.053791452,0.479546662673609,1.656581852,-0.451001052,0.671161989795918,,False
37,rrl_t271c,rrl,271,0.36111129999999997,0.6214251999999999,0.5811018,0.5611718000000001,2,1.2179933920000001,1.06939129070467,1.5791046919999998,-0.856882092,0.935286333333333,,False
38,rrl_c276t,rrl,276,0.054713300000000006,0.6719438,0.0814254,0.9351037,2,1.3170098479999999,8.2522617052607,1.371723148,-1.262296548,0.9619745967741941,,False
39,rrl_g287c,rrl,287,-0.9023244,0.5949553000000001,-1.516626,0.1293612,3,1.166112388,0.392288858638966,0.26378798800000003,-2.068436788,0.4491708333333329,,False
40,rrl_t303c,rrl,303,-0.9585573000000001,0.9340441999999999,-1.0262440000000002,0.30477659999999995,1,1.830726632,0.9101579713113029,0.872169332,-2.789283932,0.7157773148148149,,False
41,rrl_c344t,rrl,344,0.49685559999999995,0.0754456,6.585611,4.5299999999999995e-11,221,0.147873376,0.0114561223811506,0.644728976,0.348982224,6.29166666666667e-10,[4],False
42,rrl_c424t,rrl,424,-4.397730999999999,2.3599,-1.8635240000000002,0.062388599999999995,1,4.6254040000000005,1.266363952229,0.22767300000000001,-9.023135,0.299945192307692,,False
43,rrl_t450c,rrl,450,-0.050422,0.5480755,-0.0919983,0.9266994000000001,4,1.07422798,5.95745416088711,1.02380598,-1.12464998,0.9619745967741941,,False
44,rrl_t544c,rrl,544,-0.8822988000000002,0.4533957,-1.9459790000000001,0.0516572,4,0.888655572,0.232990978542065,0.00635677199999996,-1.7709543719999998,0.280745652173913,,False
45,rrl_596_indel,rrl,596,0.30234690000000003,0.9272792,0.32605809999999996,0.7443804,1,1.8174672319999998,2.8439078249277205,2.1198141319999997,-1.515120332,0.9619745967741941,,False
46,rrl_c637g,rrl,637,0.4949519,0.17389229999999997,2.8463130000000003,0.0044229,35,0.340828908,0.0610938800301403,0.835780808,0.154122992,0.0307395833333333,[4],False
47,rrl_a784g,rrl,784,-0.0839895,0.9281345999999999,-0.0904928,0.9278957,1,1.819143816,10.2564467667644,1.735154316,-1.903133316,0.9619745967741941,,False
48,rrl_c807t,rrl,807,0.27020679999999997,0.35161440000000005,0.7684749,0.44220509999999996,13,0.6891642240000001,0.457548389927122,0.9593710240000001,-0.41895742399999997,0.834697574626866,,False
49,rrl_g914a,rrl,914,-0.24895540000000002,0.9339185,-0.2665708,0.7897996,1,1.83048026,3.5034538903042503,1.58152486,-2.07943566,0.9619745967741941,,False
50,rrl_g982a,rrl,982,-0.4503856,0.3446795,-1.3066790000000001,0.1913216,8,0.67557182,0.263782762415694,0.22518622,-1.12595742,0.606355625,,False
51,rrl_g1052t,rrl,1052,0.4016823,0.2441645,1.64513,0.09994299999999999,123,0.47856242,0.148416554725588,0.88024472,-0.07688012,0.39040234375,,False
52,rrl_a1075g,rrl,1075,-0.32253309999999996,0.3099624,-1.040555,0.29808190000000007,10,0.607526304,0.29788164195786404,0.284993204,-0.9300594040000001,0.7157773148148149,,False
53,rrl_g1078t,rrl,1078,0.6704722,0.6960484,0.9632550999999999,0.33541950000000004,2,1.364254864,0.722600243742485,2.034727064,-0.6937826640000001,0.735569078947368,,False
54,rrl_c1093t,rrl,1093,-1.118104,0.6556416,-1.7053580000000002,0.08812769999999999,2,1.2850575359999998,0.38445968143442794,0.16695353599999999,-2.403161536,0.36719875,,False
55,rrl_c1253t,rrl,1253,0.33557159999999997,0.712494,0.4709817,0.6376538,2,1.39648824,1.51278505104723,1.73205984,-1.06091664,0.954833684210526,,False
56,rrl_c1264t,rrl,1264,-0.1309328,0.3182999,-0.4113505,0.6808156,9,0.623867804,0.77379255877832,0.492935004,-0.754800604,0.954833684210526,,False
57,rrl_a1301g,rrl,1301,1.071004,0.8778159,1.220078,0.22243539999999998,1,1.7205191640000002,0.7194751413559709,2.7915231639999996,-0.649515164,0.63191875,,False
58,rrl_c1351a,rrl,1351,0.6532085,0.6565755,0.9948719000000001,0.3197986,2,1.28688798,0.659959855391119,1.94009648,-0.63367948,0.726815,,False
59,rrl_c1392t,rrl,1392,-0.3477731,0.6515111,-0.5337946,0.5934837,2,1.276961756,1.22052773323529,0.9291886559999999,-1.624734856,0.9507809375,,False
60,rrl_a1433c,rrl,1433,0.0801742,0.5051821,0.1587036,0.8739024,5,0.9901569159999999,3.1831805513545497,1.070331116,-0.9099827159999999,0.9619745967741941,,False
61,rrl_1570_indel,rrl,1570,-0.033826999999999996,0.48009490000000005,-0.07045889999999999,0.9438284,5,0.9409860040000001,6.81382070553138,0.907159004,-0.974813004,0.9619745967741941,,False
62,rrl_c1627g,rrl,1627,-0.2506096,0.9089943000000001,-0.2756999,0.7827786,1,1.781628828,3.29704303998127,1.5310192280000001,-2.0322384280000003,0.9619745967741941,,False
63,rrl_c1698t,rrl,1698,1.188018,0.9431322,1.259652,0.20779499999999998,1,1.8485391119999999,0.748724637738519,3.0365571119999997,-0.6605211120000001,0.627134593023256,,False
64,rrl_a1719c,rrl,1719,-0.24895540000000002,0.6967245,-0.3573226,0.7208503,2,1.36558002,1.94984735780083,1.11662462,-1.61453542,0.954833684210526,,False
65,rrl_c1743t,rrl,1743,-0.24895540000000002,0.9339185,-0.2665708,0.7897996,1,1.83048026,3.5034538903042503,1.58152486,-2.07943566,0.9619745967741941,,False
66,rrl_a1803g,rrl,1803,0.0146135,0.6707876,0.0217856,0.982619,2,1.3147436959999999,30.790433798457602,1.329357196,-1.300130196,0.982619,,False
67,rrl_1820_indel,rrl,1820,1.060893,0.6687844000000001,1.5863,0.1126712,2,1.3108174240000001,0.421600080011236,2.371710424,-0.24992442399999998,0.426784848484848,,False
68,rrl_c1822t,rrl,1822,-0.2723109,0.246363,-1.105324,0.26901929999999996,15,0.48287148,0.22288761767891002,0.21056058,-0.75518238,0.67254825,,False
69,rrl_c1847a,rrl,1847,0.3397809,0.48006450000000006,0.7077817,0.4790808,5,0.94092642,0.678266271471557,1.28070732,-0.60114552,0.8679,,False
70,rrl_t1859c,rrl,1859,1.68435,0.6537755000000001,2.576343,0.0099852,2,1.28139998,0.253761038026687,2.96574998,0.40295002,0.0656921052631579,,False
71,rrl_a1861g,rrl,1861,0.3495678,0.3862992,0.9049146999999998,0.36551059999999996,6,0.757146432,0.426890211056739,1.106714232,-0.40757863200000005,0.778117584745763,,False
72,rrl_a1882g,rrl,1882,0.2650263,0.7553052,0.3508863,0.7256736,5,1.4803981919999998,2.15256351972253,1.745424492,-1.215371892,0.954833684210526,,False
73,rrl_c1960t,rrl,1960,0.17103339999999997,0.6571296,0.2602735,0.7946528,2,1.287974016,2.5247659883751403,1.459007416,-1.116940616,0.9619745967741941,,False
74,rrl_1966_indel,rrl,1966,0.2924142,0.6581549,0.4442939,0.6568301,2,1.2899836040000001,1.48135033248731,1.582397804,-0.997569404,0.954833684210526,,False
75,rrl_c2030t,rrl,2030,0.7193384,0.9272540000000001,0.7757728,0.43788320000000003,1,1.81741784,1.19526495529225,2.53675624,-1.09807944,0.834697574626866,,False
76,rrl_t2050c,rrl,2050,0.6829701,0.9274434000000001,0.7364008000000001,0.4614868,1,1.817789064,1.2594274042209999,2.500759164,-1.1348189640000002,0.848321323529412,,False
77,rrl_c2064t,rrl,2064,0.5881581,0.5403201999999999,1.088536,0.2763584,3,1.059027592,0.49637320055277706,1.6471856919999999,-0.47086949200000006,0.677349019607843,,False
78,rrl_a2120g,rrl,2120,0.23409839999999998,0.9116752,0.2567783,0.7973499,1,1.7868833919999998,3.5504372105706,2.0209817919999997,-1.5527849919999999,0.9619745967741941,,False
79,rrl_a2123g,rrl,2123,0.7358515,0.6559263000000001,1.121851,0.2619259,2,1.285615548,0.584682250469952,2.0214670480000003,-0.549764048,0.671161989795918,,False
80,rrl_g2270t,rrl,2270,0.094055,0.42785609999999996,0.2198286,0.8260046,7,0.838597956,1.9463169667451001,0.932652956,-0.744542956,0.9619745967741941,,False
81,rrl_a2295c,rrl,2295,2.921944,0.9614578000000001,3.0390770000000003,0.002373,2,1.8844572880000001,0.31636509843475397,4.806401288,1.037486712,0.019775,"[2, 4]",True
82,rrl_a2297g,rrl,2297,0.28924,0.6526519000000001,0.4431766,0.6576380000000001,2,1.279197724,1.4726680354501798,1.568437724,-0.989957724,0.954833684210526,,False
83,rrl_a2317g,rrl,2317,0.0714427,0.9276889000000001,0.0770114,0.9386144000000001,1,1.818270244,12.0461110118068,1.889712944,-1.746827544,0.9619745967741941,,False
84,rrl_t2350g,rrl,2350,1.452636,0.9273985999999999,1.566355,0.1172654,1,1.8177012559999999,0.592074107541022,3.2703372560000004,-0.365065256,0.43112279411764703,,False
85,rrl_g2399a,rrl,2399,-0.4640815,0.24442840000000002,-1.89864,0.0576119,43,0.47907966399999996,0.128738686473303,0.014998164,-0.943161164,0.28805949999999997,,False
86,rrl_a2479g,rrl,2479,0.1408442,0.9328301999999999,0.1509859,0.8799868000000001,1,1.8283471919999998,6.17826067407845,1.969191392,-1.687502992,0.9619745967741941,,False
87,rrl_g2814t,rrl,2814,2.331831,0.378814,6.15561,7.480000000000001e-10,9,0.74247544,0.0615396427082409,3.07430644,1.58935556,9.350000000000001e-09,"[2, 4]",True
88,rrl_c2921a,rrl,2921,0.0714427,0.6567745,0.10877809999999999,0.9133785,2,1.28727802,6.03774414811101,1.35872072,-1.21583532,0.9619745967741941,,False
89,rrl_a2943t,rrl,2943,-1.607364,0.9273985999999999,-1.733197,0.0830607,1,1.8177012559999999,0.5350798968260829,0.21033725600000003,-3.4250652560000003,0.35802025862069004,,False
90,rrl_c2964a,rrl,2964,-1.0923049999999999,0.6523331,-1.6744580000000002,0.0940406,2,1.278572876,0.38957843583578794,0.18626787600000003,-2.3708778759999998,0.37919596774193504,,False
91,rrl_t3007g,rrl,3007,-0.8523324000000001,0.6562774,-1.298738,0.1940338,7,1.286303704,0.505319316443632,0.433971304,-2.138636104,0.606355625,,False
92,rrl_t3017c,rrl,3017,0.0422755,0.5773196999999999,0.07322719999999999,0.9416254000000001,3,1.131546612,7.88395254954028,1.173822112,-1.089271112,0.9619745967741941,,False
93,rrl_3047_indel,rrl,3047,0.0281997,0.4159130999999999,0.06780189999999998,0.9459433,5,0.8151896759999999,6.1342392561484695,0.843389376,-0.786989976,0.9619745967741941,,False
94,Rv3249c_T7T,Rv3249c,7,0.7193384,0.9272540000000001,0.7757728,0.43788320000000003,1,1.81741784,1.19526495529225,2.53675624,-1.09807944,0.834697574626866,,False
95,Rv3249c_P10L,Rv3249c,10,0.104522,0.6935285,0.1507104,0.8802040999999999,2,1.35931586,4.60172767754396,1.46383786,-1.25479386,0.9619745967741941,,False
96,Rv3249c_R13Q,Rv3249c,13,0.7337183,0.6556298,1.119105,0.2630955,2,1.285034408,0.5858521378682261,2.018752708,-0.551316108,0.671161989795918,,False
97,Rv3249c_A17A,Rv3249c,17,0.4195982,0.5052787999999999,0.8304290000000001,0.4062963,5,0.9903464479999999,0.608455102356111,1.4099446480000002,-0.570748248,0.822782661290323,,False
98,Rv3249c_L36L,Rv3249c,36,-0.8677309000000001,0.7009414,-1.237951,0.2157343,2,1.3738451440000001,0.566211075615678,0.5061142439999999,-2.241576044,0.627134593023256,,False
99,Rv3249c_Y74H,Rv3249c,74,-0.4131598,0.6960472,-0.5935802,0.5527929,2,1.364252512,1.1726254699218999,0.951092712,-1.7774123119999998,0.935286333333333,,False
100,Rv3249c_V83M,Rv3249c,83,1.6906580000000002,0.5940364,2.8460520000000002,0.0044265,3,1.1643113440000001,0.208723020578355,2.8549693439999997,0.526346656,0.0307395833333333,[2],False
101,Rv3249c_S89!,Rv3249c,89,0.6531916,0.2287761,2.855157,0.004301600000000001,41,0.448401156,0.0801273377232806,1.1015927559999998,0.204790444,0.0307395833333333,[3],False
102,Rv3249c_L131L,Rv3249c,131,-1.7376880000000001,0.9040524,-1.9221099999999998,0.0545919,1,1.771942704,0.47034377974973607,0.0342547040000001,-3.5096307039999997,0.2843328125,,False
103,Rv3249c_T136I,Rv3249c,136,-0.8677309000000001,0.7009414,-1.237951,0.2157343,2,1.3738451440000001,0.566211075615678,0.5061142439999999,-2.241576044,0.627134593023256,,False
104,Rv3249c_S138S,Rv3249c,138,-2.452394,0.7159057,-3.425582,0.0006135,2,1.4031751719999999,0.20898802202765498,-1.0492188279999999,-3.855569172,0.00547767857142857,[4],False
105,Rv3249c_L149L,Rv3249c,149,0.803948,0.9277,0.8666035,0.3861593,1,1.8182919999999998,1.07050118913164,2.62224,-1.0143440000000001,0.804498541666667,,False
106,Rv3249c_F153F,Rv3249c,153,0.2746487,0.5946264,0.46188440000000003,0.6441642,3,1.165467744,1.28739205966371,1.440116444,-0.890819044,0.954833684210526,,False
107,Rv3249c_T154A,Rv3249c,154,0.026483600000000003,0.10764360000000002,0.24603029999999998,0.8056588000000001,134,0.210981456,0.437521508441451,0.237465056,-0.18449785600000002,0.9619745967741941,,False
108,Rv3249c_A165V,Rv3249c,165,-0.1129683,0.29541300000000004,-0.3824079,0.7021588000000001,43,0.57900948,0.7725073367395991,0.46604118,-0.69197778,0.954833684210526,,False
109,Rv3249c_E185E,Rv3249c,185,-0.49043509999999996,1.007164,-0.4869463,0.6262963,5,1.97404144,2.06832529502069,1.48360634,-2.46447654,0.954719969512195,,False
110,Rv3249c_A186S,Rv3249c,186,-0.4547742,0.6962176,-0.653207,0.5136228,2,1.364586496,1.06584530641747,0.9098122959999999,-1.819360696,0.9171835714285721,,False
111,Rv3249c_R204R,Rv3249c,204,0.0854094,0.2392868,0.35693309999999995,0.7211419,139,0.46900212799999996,0.6703966150592321,0.5544115279999999,-0.383592728,0.954833684210526,,False
112,Rv3249c_G206S,Rv3249c,206,0.5259701999999999,0.5377960999999999,0.9780104,0.3280692,4,1.0540803559999998,0.549887893221346,1.580050556,-0.528110156,0.7322973214285721,,False
113,Rv3249c_V210V,Rv3249c,210,0.7585159,0.9169219999999999,0.8272414,0.40810019999999997,6,1.79716712,1.1084091369528302,2.55568302,-1.03865122,0.822782661290323,,False
114,Rv3249c_463_indel,Rv3249c,463,0.3158154,0.500787,0.6306381,0.5282772,5,0.98154252,0.7940955994197869,1.29735792,-0.66572712,0.9300654929577471,,False
115,Rv3249c_625_indel,Rv3249c,625,0.0394976,0.688898,0.057334500000000004,0.9542788000000001,2,1.35024008,12.015425099347802,1.38973768,-1.31074248,0.9619745967741941,,False
0,_cons,DRUG,16,-1.571443,0.045812,-34.302009999999996,0.0,0,0.08979152,0.00133554913795792,-1.48165148,-1.66123452,0.0,,False
1,ns[cluster100]),DRUG,17,0.0966749,0.014536600000000002,6.650436,2.92e-11,0,0.028491736,0.00218580768700045,0.125166636,0.068183164,4.5625e-10,,False
2,og2mic),DRUG,18,0.6728243,0.013821100000000001,48.68079,0.0,0,0.027089356000000002,0.000283911870023125,0.699913656,0.645734944,0.0,,False
3,1.lineage,LINEAGE,1,-0.120978,0.0578732,-2.0903970000000003,0.036582199999999995,0,0.11343147199999999,0.027685259123477,-0.00754652800000001,-0.23440947199999998,0.21775119047619,,False
4,2.lineage,LINEAGE,2,-0.16227560000000002,0.0410994,-3.9483650000000003,7.87e-05,0,0.080554824,0.0104092092733596,-0.081720776,-0.242830424,0.000819791666666667,,False
5,3.lineage,LINEAGE,3,-0.036368300000000006,0.04786819999999999,-0.7597603,0.4473979,0,0.093821672,0.0630044453889789,0.057453372,-0.130189972,0.834697574626866,,False
6,6.lineage,LINEAGE,5,0.9526357,0.6556411,1.452983,0.14622839999999998,0,1.285056556,0.451237815262655,2.237692256,-0.33242085600000004,0.494014864864865,,False
116,3.siteid,SITEID,7,-0.7096019,0.0557575,-12.726569999999999,0.0,0,0.1092847,0.004381187263238729,-0.6003172,-0.8188866,0.0,,False
117,4.siteid,SITEID,8,-0.6115274,0.054237,-11.275089999999999,0.0,0,0.10630452,0.00481033583940801,-0.50522288,-0.71783192,0.0,,False
118,5.siteid,SITEID,9,-0.2309042,0.056829700000000004,-4.063092,4.84e-05,0,0.111386212,0.0139868170526565,-0.119517988,-0.34229041200000004,0.00055,,False
119,6.siteid,SITEID,10,-0.381193,0.0561059,-6.794175,1.0900000000000001e-11,0,0.109967564,0.008257948112399759,-0.27122543600000004,-0.49116056399999997,1.94642857142857e-10,,False
120,8.siteid,SITEID,11,-0.4569402,0.059351,-7.698952,1.38e-14,0,0.11632796,0.00770897636277132,-0.34061224,-0.57326816,2.875e-13,,False
121,10.siteid,SITEID,12,-0.0958852,0.061878999999999997,-1.549558,0.12124769999999999,0,0.12128284,0.0399332810590164,0.02539764,-0.21716804,0.43302749999999995,,False
122,11.siteid,SITEID,13,-0.9928471,0.4073235,-2.43749,0.014789600000000002,0,0.79835406,0.167107738595651,-0.19449304,-1.79120116,0.092435,,False
123,14.siteid,SITEID,14,-0.37499099999999996,0.1027885,-3.6481790000000003,0.0002641,0,0.20146546,0.0281752781593425,-0.17352554,-0.57645646,0.00253942307692308,,False
124,20.siteid,SITEID,15,0.15460770000000001,0.0841298,1.8377290000000002,0.06610239999999999,0,0.16489440800000002,0.0457792415774894,0.319502108,-0.010286708,0.30602962962963,,False
