MUTS,GENE,POSITION,COEF,SE,Z,P,COUNTS,corrected_se,other_se,ci_hi,ci_lo,BH_PVAL,HOMOPLASY
_cons,DRUG,16,-0.0472185,0.0455326,-1.037026,0.2997237,0,0.089243896,0.043906894,0.042025396,-0.136462396,0.314996245,
ns[cluster100]),DRUG,17,0.1404146,0.0128363,10.93886,0,0,0.025159148,0.001173458,0.165573748,0.115255452,0,
og2mic),DRUG,18,0.6852152,0.013472,50.86211,0,0,0.02640512,0.000264873,0.71162032,0.65881008,0,
ethA_c-43t,ethA,-43,-3.217455,1.086446,-2.961449,0.003062,2,2.12943416,0.366862912,-1.08802084,-5.34688916,0.004905146,
ethA_a-11g,ethA,-11,1.613748,0.5301064,3.044197,0.002333,30,1.039008544,0.174136727,2.652756544,0.574739456,0.003773971,
ethA_a-11g:fabG1_t-8a,ethA,-11,-0.8243742,0.6528221,-1.262785,0.2066663,25,1.279531316,0.516969956,0.455157116,-2.103905516,0.221428179,
ethA_M1R,ethA,1,1.819064,0.2973788,6.116994,9.54E-10,18,0.582862448,0.048615195,2.401926448,1.236201552,6.05E-09,
ethA_M1T,ethA,1,1.597869,0.2702402,5.912773,3.36E-09,17,0.529670792,0.045704476,2.127539792,1.068198208,1.91E-08,
ethA_I9T,ethA,9,1.771924,0.4465132,3.968357,7.24E-05,4,0.875165872,0.112518391,2.647089872,0.896758128,0.000189619,
ethA_G11D,ethA,11,3.93223,1.503037,2.616189,0.0088917,1,2.94595252,0.574513755,6.87818252,0.98627748,0.011831698,
ethA_V17A,ethA,17,1.40454,0.4820171,2.913881,0.0035697,8,0.944753516,0.165421052,2.349293516,0.459786484,0.005453708,
ethA_W21R,ethA,21,2.782545,0.9569157,2.907827,0.0036395,1,1.875554772,0.329082785,4.658099772,0.906990228,0.005509335,
ethA_Y32D,ethA,32,1.648425,0.3909369,4.216601,2.48E-05,16,0.766236324,0.092713748,2.414661324,0.882188676,7.72E-05,
ethA_L35R:Rv0565c_439_indel,ethA,35,3.293719,0.4774745,6.898209,5.27E-12,9,0.93585002,0.069217167,4.22956902,2.35786898,5.12E-11,
ethA_L35V,ethA,35,1.679323,0.6300313,2.66546,0.0076883,3,1.234861348,0.236368727,2.914184348,0.444461652,0.010571413,
ethA_G43S:Rv3083_P382L,ethA,43,2.992237,0.8847247,3.382111,0.0007193,1,1.734060412,0.261589505,4.726297412,1.258176588,0.001333534,
ethA_W45!,ethA,45,4.103633,1.486512,2.760578,0.0057699,1,2.91356352,0.538478447,7.01719652,1.19006948,0.008207185,
ethA_49_indel,ethA,49,2.864182,0.6657797,4.301997,1.69E-05,3,1.304928212,0.154760629,4.169110212,1.559253788,5.79E-05,
ethA_Y50C,ethA,50,1.705597,0.3690308,4.621828,3.80E-06,7,0.723300368,0.079845199,2.428897368,0.982296632,1.49E-05,
ethA_P51H:Rv0565c_Y97D,ethA,51,1.528808,0.4172299,3.664187,0.0002481,5,0.817770604,0.113867006,2.346578604,0.711037396,0.000518184,
ethA_S55P,ethA,55,2.939716,1.066825,2.755576,0.0058589,2,2.090977,0.387151541,5.030693,0.848739,0.008262551,
ethA_D56A,ethA,56,1.641213,0.6499566,2.525112,0.0115661,2,1.273914936,0.25739717,2.915127936,0.367298064,0.014671649,
ethA_S57Y,ethA,57,1.25613,0.3975177,3.159935,0.001578,5,0.779134692,0.125799337,2.035264692,0.476995308,0.00263,
ethA_T61M,ethA,61,1.425482,0.3769595,3.781526,0.0001559,6,0.73884062,0.099684503,2.16432262,0.68664138,0.000357271,
ethA_66_indel,ethA,66,2.676691,0.7593172,3.525129,0.0004233,4,1.488261712,0.215401259,4.164952712,1.188429288,0.0008217,
ethA_T88P,ethA,88,4.46328,0.6941775,6.429594,1.28E-10,2,1.3605879,0.107965981,5.8238679,3.1026921,1.06E-09,
ethA_A89E,ethA,89,1.649339,0.4133744,3.989941,6.61E-05,9,0.810213824,0.103604168,2.459552824,0.839125176,0.000175911,
ethA_H102P,ethA,102,3.120338,0.6860805,4.548065,5.41E-06,2,1.34471778,0.150851111,4.46505578,1.77562022,2.08E-05,
ethA_113_indel,ethA,113,1.712799,0.1989618,8.608682,0,28,0.389965128,0.023111759,2.102764128,1.322833872,0,
ethA_V118G,ethA,118,2.673342,0.621952,4.298308,1.72E-05,3,1.21902592,0.144696896,3.89236792,1.45431608,5.79E-05,
ethA_129_indel,ethA,129,2.410791,0.6533574,3.68985,0.0002244,2,1.280580504,0.177068809,3.691371504,1.130210496,0.00049368,
ethA_C131!,ethA,131,4.974885,1.503895,3.308001,0.0009396,1,2.9476342,0.454623609,7.9225192,2.0272508,0.001685152,
ethA_L136R,ethA,136,3.823066,0.9241002,4.137069,3.52E-05,2,1.811236392,0.223370766,5.634302392,2.011829608,0.000103552,
ethA_C137R,ethA,137,2.490571,0.3506278,7.103176,1.22E-12,7,0.687230488,0.049362116,3.177801488,1.803340512,1.26E-11,
ethA_C137Y,ethA,137,1.683297,0.5162638,3.260537,0.001112,3,1.011877048,0.158337068,2.695174048,0.671419952,0.001951915,
ethA_Y140!,ethA,140,1.177719,0.3231541,3.644451,0.000268,8,0.633382036,0.088670194,1.811101036,0.544336964,0.000545926,
ethA_Y147!,ethA,147,2.596769,0.5320406,4.880772,1.06E-06,3,1.042799576,0.109007463,3.639568576,1.553969424,4.60E-06,
ethA_Y147S,ethA,147,2.157475,0.8770936,2.459801,0.0139014,3,1.719103456,0.356571076,3.876578456,0.438371544,0.0169906,
ethA_153_indel,ethA,153,1.111678,0.4694982,2.3678,0.0178942,4,0.920216472,0.198284539,2.031894472,0.191461528,0.021241317,
ethA_P164L,ethA,164,2.903701,0.6820234,4.25748,2.07E-05,2,1.336765864,0.160194152,4.240466864,1.566935136,6.83E-05,
ethA_Q165P,ethA,165,1.217552,0.3812287,3.193758,0.0014043,7,0.747208252,0.119366829,1.964760252,0.470343748,0.002388758,
ethA_G182C,ethA,182,2.182807,0.7520997,2.902284,0.0037045,2,1.474115412,0.25914062,3.656922412,0.708691588,0.00555675,
ethA_P192S,ethA,192,1.411996,0.3419735,4.128961,3.64E-05,23,0.67026806,0.082823092,2.08226406,0.74172794,0.000103552,
ethA_196_indel,ethA,196,2.75631,0.5360341,5.142043,2.72E-07,5,1.050626836,0.10424537,3.806936836,1.705683164,1.21E-06,
ethA_M204T,ethA,204,1.368586,0.518675,2.638619,0.0083244,3,1.016603,0.196570589,2.385189,0.351983,0.011166878,
ethA_Q206P,ethA,206,2.932394,0.8854284,3.311836,0.0009269,1,1.735439664,0.267352699,4.667833664,1.196954336,0.001680643,
ethA_R207S,ethA,207,2.288114,0.663782,3.447086,0.0005667,2,1.30101272,0.192563196,3.58912672,0.98710128,0.001074776,
ethA_Y211C,ethA,211,2.478867,0.6737031,3.679465,0.0002337,2,1.320458076,0.183098112,3.799325076,1.158408924,0.000500786,
ethA_Y211S,ethA,211,1.767891,0.7517416,2.351727,0.0186865,5,1.473413536,0.319655133,3.241304536,0.294477464,0.021867181,
ethA_W240!,ethA,240,1.671814,0.6604058,2.531496,0.0113577,2,1.294395368,0.260875804,2.966209368,0.377418632,0.014527291,
ethA_Y250!,ethA,250,1.194048,0.4844174,2.464916,0.0137045,6,0.949458104,0.196524945,2.143506104,0.244589896,0.016874944,
ethA_C253!,ethA,253,1.699,0.5759479,2.949919,0.0031786,4,1.128857884,0.195241897,2.827857884,0.570142116,0.004994943,
ethA_Q254P,ethA,254,1.910344,0.4703811,4.061269,4.88E-05,5,0.921946956,0.115821223,2.832290956,0.988397044,0.0001342,
ethA_W256!,ethA,256,1.266031,0.5164114,2.451595,0.0142225,3,1.012166344,0.210643131,2.278197344,0.253864656,0.017255239,
ethA_M260I,ethA,260,1.595026,0.6322894,2.52262,0.0116484,3,1.239287224,0.25064788,2.834313224,0.355738776,0.014671649,
ethA_S266R:fabG1_t!8c,ethA,266,0.5787748,0.3822181,1.514253,0.1299617,16,0.749147476,0.252413678,1.327922276,-0.170372676,0.142011129,
ethA_S266R:ethA_482_indel,ethA,266,-0.1596878,1.557525,-0.1025266,0.9183387,15,3.052749,15.19141804,2.8930612,-3.2124368,0.9183387,
ethA_S266R:fabG1_c!15t,ethA,266,-0.4432512,0.3566887,-1.242684,0.2139845,52,0.699109852,0.287030985,0.255858652,-1.142361052,0.227789952,
ethA_S266R,ethA,266,-0.4779758,0.0870919,-5.488178,4.06E-08,282,0.170700124,0.015869002,-0.307275676,-0.648675924,2.03E-07,
ethA_269_indel,ethA,269,1.0297,0.4118533,2.500162,0.0124137,5,0.807232468,0.164730641,1.836932468,0.222467532,0.015400455,
ethA_H281R,ethA,281,1.067421,0.4029794,2.648823,0.0080773,5,0.789839624,0.152135284,1.857260624,0.277581376,0.010924217,
ethA_F282V,ethA,282,1.958456,0.6377111,3.071071,0.0021329,2,1.249913756,0.207651051,3.208369756,0.708542244,0.003484441,
ethA_W289!,ethA,289,3.249835,0.8021685,4.051312,5.09E-05,2,1.57225026,0.198002145,4.82208526,1.67758474,0.00013768,
ethA_T314A:mshA_830_indel,ethA,314,4.970171,1.487239,3.341877,0.0008321,1,2.91498844,0.445030934,7.88515944,2.05518256,0.001525517,
ethA_T314I,ethA,314,0.6739574,0.1890296,3.565354,0.0003634,42,0.370498016,0.053018469,1.044455416,0.303459384,0.000722422,
ethA_T321P,ethA,321,2.699375,0.4389105,6.150172,7.74E-10,27,0.86026458,0.071365567,3.55963958,1.83911042,5.11E-09,
ethA_I337V:Rv0565c_G347S,ethA,337,-1.882896,0.5247846,-3.58794,0.0003333,4,1.028577816,0.146263456,-0.854318184,-2.911473816,0.000670665,
ethA_A341V,ethA,341,2.298934,0.3097029,7.423031,1.15E-13,10,0.607017684,0.041721896,2.905951684,1.691916316,1.36E-12,
ethA_342_indel,ethA,342,1.031788,0.2790225,3.697866,0.0002174,11,0.5468841,0.075454992,1.5786721,0.4849039,0.000484743,
ethA_Q359!,ethA,359,2.211795,0.531713,4.159754,3.19E-05,3,1.04215748,0.1278232,3.25395248,1.16963752,9.57E-05,
ethA_367_indel,ethA,367,2.886331,0.4823785,5.983541,2.18E-09,7,0.94546186,0.080617579,3.83179286,1.94086914,1.33E-08,
ethA_P378L,ethA,378,0.9862712,0.2791831,3.532704,0.0004113,39,0.547198876,0.079028165,1.533470076,0.439072324,0.000807911,
ethA_N379K,ethA,379,1.778618,0.4488561,3.962558,7.42E-05,13,0.879757956,0.11327435,2.658375956,0.898860044,0.000191297,
ethA_386_indel,ethA,386,1.756508,0.4494104,3.908472,9.29E-05,4,0.880844384,0.114983654,2.637352384,0.875663616,0.000228784,
ethA_S390F,ethA,390,1.739163,0.2793084,6.226676,4.76E-10,16,0.547444464,0.04485674,2.286607464,1.191718536,3.41E-09,
ethA_W391!,ethA,391,2.462057,0.3427159,7.183958,6.77E-13,7,0.671723164,0.047705714,3.133780164,1.790333836,7.45E-12,
ethA_T392R,ethA,392,1.571254,0.6784655,2.315894,0.0205641,2,1.32979238,0.292960549,2.90104638,0.24146162,0.023894905,
ethA_D396G,ethA,396,3.519421,0.8109195,4.340037,1.42E-05,2,1.58940222,0.186846199,5.10882322,1.93001878,5.09E-05,
ethA_L397P:Rv0565c_I196I,ethA,397,1.285275,0.5777953,2.224447,0.0261184,4,1.132478788,0.259747843,2.417753788,0.152796212,0.029720938,
ethA_S399!,ethA,399,2.298314,0.4069718,5.647355,1.63E-08,27,0.797664728,0.072064151,3.095978728,1.500649272,8.40E-08,
ethA_S399L,ethA,399,2.01294,0.4763848,4.22545,2.38E-05,4,0.933714208,0.112741799,2.946654208,1.079225792,7.55E-05,
ethA_G450S,ethA,450,1.700871,0.5790951,2.937118,0.0033128,3,1.135026396,0.197164356,2.835897396,0.565844604,0.005156717,
ethA_T453I,ethA,453,-0.8676068,0.1983485,-4.374153,1.22E-05,63,0.38876306,0.045345573,-0.47884374,-1.25636986,4.47E-05,
ethA_P454L,ethA,454,2.220222,0.6458306,3.437778,0.0005865,4,1.265827976,0.187862819,3.486049976,0.954394024,0.001099688,
ethA_L478R,ethA,478,2.318646,0.95728,2.422119,0.0154303,1,1.8762688,0.395224195,4.1949148,0.4423772,0.018583938,
ethA_482_indel:fabG1_c!15t,ethA,482,1.489179,1.629653,0.9138009,0.3608215,16,3.19411988,1.783377888,4.68329888,-1.70494088,0.374437406,
ethA_482_indel,ethA,482,0.6131283,0.6560286,0.934606,0.3499914,18,1.285816056,0.701930614,1.898944356,-0.672687756,0.365497348,
ethA_568_indel,ethA,568,3.843925,0.7068294,5.438265,5.38E-08,2,1.385385624,0.129973348,5.229310624,2.458539376,2.61E-07,
ethA_584_indel,ethA,584,3.25613,0.8837942,3.684263,0.0002294,1,1.732236632,0.2398836,4.988366632,1.523893368,0.000498039,
ethA_598_indel:Rv3083_M371I,ethA,598,1.569952,0.399269,3.932066,8.42E-05,9,0.78256724,0.101541789,2.35251924,0.78738476,0.0002105,
ethA_673_indel,ethA,673,1.55361,0.4881641,3.182557,0.0014598,4,0.956801636,0.153387394,2.510411636,0.596808364,0.002457827,
ethA_707_indel,ethA,707,1.346422,0.5165082,2.606777,0.0091399,3,1.012356072,0.198140494,2.358778072,0.334065928,0.012051286,
ethA_753_indel,ethA,753,2.425214,0.2549936,9.510883,0,15,0.499787456,0.026810721,2.925001456,1.925426544,0,
ethA_756_indel,ethA,756,1.518152,0.2628133,5.77654,7.63E-09,12,0.515114068,0.04549665,2.033266068,1.003037932,4.06E-08,
ethA_758_indel,ethA,758,2.567071,0.4004673,6.410189,1.45E-10,5,0.784915908,0.062473558,3.351986908,1.782155092,1.14E-09,
ethA_771_indel,ethA,771,1.068873,0.3807873,2.807009,0.0050004,13,0.746343108,0.135655937,1.815216108,0.322529892,0.007237421,
ethA_827_indel,ethA,827,1.396168,0.3604438,3.87347,0.0001073,7,0.706469848,0.093054513,2.102637848,0.689698152,0.00026036,
ethA_861_indel,ethA,861,2.657842,0.564945,4.704604,2.54E-06,3,1.1072922,0.120083456,3.7651342,1.5505498,1.05E-05,
ethA_887_indel,ethA,887,1.588022,0.4168921,3.809192,0.0001394,5,0.817108516,0.109443712,2.405130516,0.770913484,0.000333348,
ethA_943_indel,ethA,943,1.659202,0.641516,2.586377,0.0096991,2,1.25737136,0.248036573,2.91657336,0.40183064,0.012601193,
ethA_969_indel,ethA,969,1.385876,0.4324935,3.204385,0.0013535,5,0.84768726,0.134969238,2.23356326,0.53818874,0.002326328,
ethA_1035_indel,ethA,1035,2.168256,0.5723837,3.788116,0.0001518,3,1.121872052,0.151099824,3.290128052,1.046383948,0.000352775,
ethA_1048_indel,ethA,1048,1.538888,0.4053558,3.796388,0.0001468,6,0.794497368,0.106774063,2.333385368,0.744390632,0.000346029,
ethA_1055_indel,ethA,1055,1.796918,0.5192449,3.460637,0.0005389,6,1.017720004,0.150043166,2.814638004,0.779197996,0.001033936,
ethA_1113_indel,ethA,1113,2.862811,0.6172799,4.637784,3.52E-06,3,1.209868604,0.13309802,4.072679604,1.652942396,1.42E-05,
ethA_1243_indel,ethA,1243,2.043873,0.3142408,6.50416,7.81E-11,10,0.615911968,0.048313804,2.659784968,1.427961032,7.16E-10,
ethA_1306_indel,ethA,1306,1.102352,0.2668276,4.131326,3.61E-05,12,0.522982096,0.064586419,1.625334096,0.579369904,0.000103552,
ethA_1308_indel,ethA,1308,2.308246,0.5431887,4.249437,2.14E-05,3,1.064649852,0.127826048,3.372895852,1.243596148,6.92E-05,
ethA_1392_indel,ethA,1392,1.75613,0.6264458,2.803323,0.0050579,14,1.227833768,0.223465427,2.983963768,0.528296232,0.007256987,
ethA_1392_indel:fabG1_c!15t,ethA,1392,0.0986625,0.8468192,0.1165096,0.9072487,12,1.659765632,7.268240289,1.758428132,-1.561103132,0.912780704,
ethA_1408_indel,ethA,1408,4.782545,1.086446,4.402008,1.07E-05,2,2.12943416,0.246806859,6.91197916,2.65311084,4.01E-05,
ethR_T3A,ethR,3,-2.912236,0.4618549,-6.305522,2.87E-10,10,0.905235604,0.073246107,-2.007000396,-3.817471604,2.15E-09,
ethR_F110L,ethR,110,-1.278274,0.3102799,-4.119746,3.79E-05,12,0.608148604,0.075315321,-0.670125396,-1.886422604,0.000105992,
ethR_S131R:ethA_G343V,ethR,131,1.834791,0.6367118,2.881667,0.0039558,3,1.247955128,0.220952641,3.082746128,0.586835872,0.005776168,
fabG1_c-34g,fabG1,-34,2.343865,0.6421286,3.650149,0.0002621,4,1.258572056,0.175918468,3.602437056,1.085292944,0.000540581,
fabG1_g-17t,fabG1,-17,2.008811,0.1242323,16.1698,0,151,0.243495308,0.007682985,2.252306308,1.765315692,0,
fabG1_c-15t,fabG1,-15,2.932642,0.0497753,58.91758,0,810,0.097559588,0.000844829,3.030201588,2.835082412,0,
fabG1_c-15t:mshA_L244L,fabG1,-15,-0.2556692,0.4076686,-0.6271497,0.5305611,6,0.799030456,0.650034057,0.543361256,-1.054699656,0.540386306,
fabG1_c-15t:Rv0565c_1206_indel,fabG1,-15,-0.2848032,0.3165111,-0.8998207,0.3682157,18,0.620361756,0.351749125,0.335558556,-0.905164956,0.379722441,
fabG1_c-15t:inhA_I21T,fabG1,-15,-0.4630922,0.8215492,-0.5636816,0.5729709,51,1.610236432,1.457470214,1.147144232,-2.073328632,0.580001218,
fabG1_c-15t:inhA_I21V,fabG1,-15,-0.6672275,0.6066017,-1.099943,0.2713568,6,1.188939332,0.551484497,0.521711832,-1.856166832,0.287012,
fabG1_c-15t:inhA_I194T,fabG1,-15,-0.8442359,0.6161453,-1.37019,0.1706277,22,1.207644788,0.449678852,0.363408888,-2.051880688,0.184010265,
fabG1_c-15t:inhA_S94A,fabG1,-15,-1.13395,0.5575053,-2.033972,0.0419545,8,1.092710388,0.274096882,-0.041239612,-2.226660388,0.046773598,
fabG1_t-8g,fabG1,-8,3.000694,0.487808,6.151384,7.68E-10,4,0.95610368,0.079300537,3.95679768,2.04459032,5.11E-09,
fabG1_t-8a,fabG1,-8,2.137388,0.3586457,5.95961,2.53E-09,33,0.702945572,0.060179405,2.840333572,1.434442428,1.49E-08,
fabG1_t-8c,fabG1,-8,1.934374,0.1710222,11.31066,0,54,0.335203512,0.015120444,2.269577512,1.599170488,0,
fabG1_T4I,fabG1,4,1.38527,0.5775594,2.398489,0.0164629,3,1.132016424,0.240801332,2.517286424,0.253253576,0.019683902,
fabG1_P12R,fabG1,12,1.464802,0.506643,2.891191,0.0038378,5,0.99302028,0.175236742,2.45782228,0.47178172,0.005653902,
fabG1_L203L,fabG1,203,2.906669,0.1207034,24.08109,0,109,0.236578664,0.005012374,3.143247664,2.670090336,0,
fabG1_L203L:inhA_I194T,fabG1,203,-1.27682,0.7132413,-1.790166,0.0734273,24,1.397952948,0.39842198,0.121132948,-2.674772948,0.081312111,
fabG1_V221V,fabG1,221,3.126009,0.4843466,6.454075,1.09E-10,10,0.949319336,0.075045091,4.075328336,2.176689664,9.47E-10,
fabG1_V221V:Rv0565c_1206_indel,fabG1,221,-1.697342,0.7415985,-2.288761,0.0220932,5,1.45353306,0.324017396,-0.24380894,-3.15087506,0.025315125,
inhA_G3G,inhA,3,-1.128783,0.1458996,-7.736709,1.02E-14,99,0.285963216,0.018858092,-0.842819784,-1.414746216,1.29E-13,
inhA_I21T,inhA,21,1.655395,0.794791,2.082806,0.0372689,53,1.55779036,0.381596377,3.21318536,0.09760464,0.041832439,
inhA_I21V,inhA,21,1.522251,0.4104581,3.708662,0.0002084,12,0.804497876,0.110675475,2.326748876,0.717753124,0.000471041,
inhA_S94A,inhA,94,2.701924,0.2153432,12.54706,0,32,0.422072672,0.017162842,3.123996672,2.279851328,0,
inhA_I194T,inhA,194,2.215491,0.5599065,3.956895,7.59E-05,51,1.09741674,0.141501495,3.31290774,1.11807426,0.000192669,
1.lineage,LINEAGE,1,0.5732772,0.0581365,9.860878,0,0,0.11394754,0.005895669,0.68722474,0.45932966,0,
2.lineage,LINEAGE,2,-0.2517414,0.043169,-5.831533,5.49E-09,0,0.08461124,0.007402686,-0.16713016,-0.33635264,3.02E-08,
3.lineage,LINEAGE,3,-0.2135716,0.0512102,-4.170485,3.04E-05,0,0.100371992,0.012279182,-0.113199608,-0.313943592,9.29E-05,
mshA_G67A,mshA,67,2.79896,0.957046,2.924582,0.0034492,1,1.87581016,0.327241921,4.67477016,0.92314984,0.00531886,
mshA_G106A,mshA,106,-1.568469,0.7128808,-2.200184,0.0277939,2,1.397246368,0.324009614,-0.171222632,-2.965715368,0.031410914,
mshA_L137P,mshA,137,1.484259,0.4526388,3.279125,0.0010413,4,0.887172048,0.138036477,2.371431048,0.597086952,0.001847468,
mshA_L244L,mshA,244,-0.4727843,0.0990468,-4.773341,1.81E-06,148,0.194131728,0.020749988,-0.278652572,-0.666916028,7.66E-06,
mshA_S352H:ethA_Y60N,mshA,352,1.824073,0.6865168,2.656997,0.007884,2,1.345572928,0.258380732,3.169645928,0.478500072,0.010750909,
mshA_563_indel:ethA_I94S,mshA,563,1.68641,0.6475168,2.604427,0.0092028,2,1.269132928,0.248621632,2.955542928,0.417277072,0.012051286,
mshA_1213_indel:Rv3083_V376A,mshA,1213,1.413441,0.8594751,1.644539,0.1000648,2,1.684571196,0.522623475,3.098012196,-0.271130196,0.11007128,
Rv0565c_c-23g,Rv0565c,-23,-2.145273,0.7416214,-2.89268,0.0038197,2,1.453577944,0.256378699,-0.691695056,-3.598850944,0.005653902,
Rv0565c_1206_indel,Rv0565c,1206,1.042092,0.1199707,8.686218,0,127,0.235142572,0.013811611,1.277234572,0.806949428,0,
Rv3083_T130T,Rv3083,130,-2.004134,0.6504629,-3.081089,0.0020624,2,1.274907284,0.211114618,-0.729226716,-3.279041284,0.00340296,
Rv3083_A197V,Rv3083,197,4.782545,1.485992,3.218419,0.001289,1,2.91254432,0.461714887,7.69508932,1.87000068,0.002238789,
Rv3083_G328D,Rv3083,328,1.740762,0.6957262,2.50208,0.0123466,2,1.363623352,0.278059232,3.104385352,0.377138648,0.015400455,
Rv3083_356_indel,Rv3083,356,-1.920327,0.6505712,-2.951755,0.0031597,2,1.275119552,0.220401466,-0.645207448,-3.195446552,0.004994943,
Rv3083_D432N,Rv3083,432,1.563825,0.682335,2.291873,0.021913,2,1.3373766,0.297719407,2.9012016,0.2264484,0.025284231,
Rv3083_W460R,Rv3083,460,1.907792,0.713121,2.675271,0.0074669,2,1.39771716,0.266560275,3.30550916,0.51007484,0.010353265,
Rv3083_463_indel,Rv3083,463,5.642717,1.084592,5.202615,1.97E-07,2,2.12580032,0.20847046,7.76851732,3.51691668,9.03E-07,
3.siteid,SITEID,7,-0.2939626,0.0545026,-5.39355,6.91E-08,0,0.106825096,0.010105141,-0.187137504,-0.400787696,3.26E-07,
4.siteid,SITEID,8,-0.5578557,0.057933,-9.629321,0,0,0.11354868,0.006016309,-0.44430702,-0.67140438,0,
5.siteid,SITEID,9,-0.1540415,0.056993,-2.702816,0.0068755,0,0.11170628,0.021086539,-0.04233522,-0.26574778,0.009614047,
6.siteid,SITEID,10,-0.2353266,0.0546763,-4.303995,1.68E-05,0,0.107165548,0.012703612,-0.128161052,-0.342492148,5.79E-05,
8.siteid,SITEID,11,-0.1296922,0.0548591,-2.364099,0.018074,0,0.107523836,0.023205103,-0.022168364,-0.237216036,0.0213015,
10.siteid,SITEID,12,-0.1533144,0.0604025,-2.538212,0.011142,0,0.1183889,0.023797256,-0.0349255,-0.2717033,0.014362734,
11.siteid,SITEID,13,0.7784202,0.5390234,1.444131,0.1487022,0,1.056485864,0.373251138,1.834906064,-0.278065664,0.161420151,
14.siteid,SITEID,14,-0.3237317,0.088269,-3.667557,0.0002449,0,0.17300724,0.024067511,-0.15072446,-0.49673894,0.000518058,
20.siteid,SITEID,15,-0.0631774,0.0768371,-0.822225,0.4109488,0,0.150600716,0.093450188,0.087423316,-0.213778116,0.421158708,