var,coef,stderr,tstat,pval,ci_lower,ci_upper
"log2mic:rpoa_r182l",-2.137896,.7206649,-2.96656,.0030115,-3.550373,-.7254184
"log2mic:rpob_d92g",-4.106856,1.108988,-3.703245,.0002129,-6.280433,-1.933279
"log2mic:rpob_v170f",8.576134,.4153592,20.64751,0,7.762045,9.390223
"log2mic:rpob_q172r",4.98332,.8571764,5.813646,6.11e-09,3.303285,6.663354
"log2mic:rpob_v359a",8.761207,2.053775,4.265905,.0000199,4.735882,12.78653
"log2mic:rpob_q409r",-1.663038,.3741562,-4.444768,8.80e-06,-2.39637,-.9297049
"log2mic:rpob_f424v",4.219014,1.05223,4.009594,.0000608,2.156682,6.281346
"log2mic:rpob_q429l",1.852302,.6832638,2.710962,.0067088,.5131297,3.191475
"log2mic:rpob_l430r",3.165719,.7865684,4.024722,.000057,1.624073,4.707365
"log2mic:rpob_l430p",2.35942,.1975812,11.94152,0,1.972167,2.746672
"log2mic:rpob_q432k",8.938434,.6921188,12.91459,0,7.581906,10.29496
"log2mic:rpob_q432p",9.13915,.5586892,16.3582,0,8.044139,10.23416
"log2mic:rpob_q432l",7.715138,.5945659,12.97609,0,6.549811,8.880466
"log2mic:rpob_q432h",4.28678,1.048041,4.090278,.0000431,2.232657,6.340903
"log2mic:rpob_d435v",8.382135,.1221518,68.62063,0,8.142722,8.621549
"log2mic:rpob_d435f",6.345565,.4115995,15.41684,0,5.538845,7.152285
"log2mic:rpob_d435g",5.278862,.5319189,9.924184,0,4.23632,6.321404
"log2mic:rpob_d435y",4.717434,.2138375,22.06083,0,4.29832,5.136548
"log2mic:rpob_n437h",4.823536,1.15312,4.183031,.0000288,2.563462,7.083609
"log2mic:rpob_s441q",8.379339,2.05399,4.079542,.0000451,4.353592,12.40509
"log2mic:rpob_s441l",7.395142,.6652104,11.117,0,6.091353,8.69893
"log2mic:rpob_h445d",8.558574,.2018773,42.39494,0,8.162902,8.954246
"log2mic:rpob_h445y",8.496523,.1716483,49.4996,0,8.160098,8.832948
"log2mic:rpob_h445p",8.609789,1.447296,5.948881,2.70e-09,5.773141,11.44644
"log2mic:rpob_h445r",8.540067,.3587625,23.80423,0,7.836905,9.243228
"log2mic:rpob_h445c",7.908291,.6490657,12.18412,0,6.636146,9.180436
"log2mic:rpob_h445l",5.315615,.2903002,18.31075,0,4.746637,5.884593
"log2mic:rpob_h445g",4.230133,.7605989,5.561581,2.67e-08,2.739386,5.720879
"log2mic:rpob_h445s",2.814418,.6732434,4.180387,.0000291,1.494885,4.13395
"log2mic:rpob_h445q",3.089256,.7639977,4.043541,.0000526,1.591848,4.586664
"log2mic:rpob_h445n",2.464713,.3276753,7.521815,5.40e-14,1.822481,3.106945
"log2mic:rpob_k446q",6.802169,1.453287,4.680541,2.86e-06,3.953779,9.650559
"log2mic:rpob_s450f",9.074887,.3329521,27.25584,0,8.422314,9.727461
"log2mic:rpob_s450m",8.875942,.9445678,9.39683,0,7.024623,10.72726
"log2mic:rpob_s450l",8.525088,.0585647,145.5671,0,8.410304,8.639873
"log2mic:rpob_s450w",8.43366,.2920351,28.87893,0,7.861281,9.006038
"log2mic:rpob_l452p",3.488169,.2174987,16.03766,0,3.06188,3.914459
"log2mic:rpob_g453a",6.834051,1.785713,3.827071,.0001297,3.334118,10.33398
"log2mic:rpob_i491f",2.939342,.4371639,6.723662,1.77e-11,2.082517,3.796168
"log2mic:rpob_i491l",1.892872,.9574919,1.976907,.0480522,.0162223,3.769522
"log2mic:rpob_i491m",2.090995,.7036254,2.971745,.0029611,.7119149,3.470076
"log2mic:rpob_a686a",9.451271,2.985069,3.166182,.0015445,3.600644,15.3019
"log2mic:rpob_l731p",.8261207,.355765,2.322097,.0202277,.1288341,1.523407
"log2mic:rpob_p802p",8.615987,1.757897,4.901303,9.52e-07,5.170572,12.0614
"log2mic:rpob_1276_indel",4.633726,1.531997,3.024632,.0024894,1.631067,7.636384
"log2mic:rpob_1288_indel",6.816736,.3596636,18.95309,0,6.111808,7.521664
"log2mic:rpoc_r69p",-2.243429,.7974259,-2.813339,.004903,-3.806355,-.6805034
"log2mic:rpoc_k71n",-7.645243,1.47288,-5.190677,2.10e-07,-10.53203,-4.758451
"log2mic:rpoc_l340l",3.44015,1.17259,2.933804,.0033484,1.141916,5.738386
"log2mic:rpoc_r480r",-2.889885,.9309123,-3.104358,.0019069,-4.714439,-1.06533
"log2mic:rpoc_d485h",-10.0707,2.053574,-4.903986,9.39e-07,-14.09563,-6.045769
"log2mic:rpoc_i491t",.6110424,.3815708,1.601387,.1092913,-.1368227,1.358907
"log2mic:rpoc_h525n",-4.641658,1.067111,-4.349743,.0000136,-6.733158,-2.550159
"log2mic:rpoc_p601l__rv2752c_a520a",-1.002449,.1883546,-5.322139,1.03e-07,-1.371618,-.6332812
"log2mic:rpoc_e1033q",-3.613303,1.134921,-3.183747,.0014538,-5.837708,-1.388898
"log2mic:rpoc_e1092d",-.7467213,.1937061,-3.854918,.0001158,-1.126378,-.3670642
"log2mic:rpoc_s1100a",-5.065976,1.20192,-4.214901,.000025,-7.421696,-2.710255
"log2mic:rv2752c_h86r",-5.051147,1.120266,-4.508882,6.52e-06,-7.246827,-2.855466
"log2mic:rv2752c_a89e",-4.73248,1.171852,-4.038461,.0000538,-7.029269,-2.435691
"log2mic:rv2752c_120_indel",-7.123727,1.526649,-4.666251,3.07e-06,-10.1159,-4.13155
"log2mic:rv2752c_v218l",2.867145,.9532303,3.00782,.0026313,.9988483,4.735442
"log2mic:rv2752c_h371y",-4.371439,.7989292,-5.471622,4.46e-08,-5.937311,-2.805566
"log2mic:rpob_l430p__rpob_d435g",.992304,.9444655,1.050651,.2934187,-.8588144,2.843422
"log2mic:rpob_l430p__rpoc_p601l__rv2752c_",-1.964375,.7266484,-2.703336,.0068647,-3.38858,-.5401704
"log2mic:rpob_d435g__rpob_l452p",.0993955,.9020374,.11019,.9122587,-1.668565,1.867356
"log2mic:rpob_d435g__rpob_i491l",1.1205,1.259458,.8896685,.3736439,-1.347993,3.588994
"log2mic:rpob_s450l__rpoc_p601l__rv2752c_",.7938016,.4839002,1.640424,.100917,-.1546253,1.742229
"log2mic:rpob_s450l__rpoc_e1092d",.7353492,.2606157,2.821584,.0047787,.2245518,1.246147
"log2mic:rpob_s450w__rpoc_p601l__rv2752c_",1.087629,.8734007,1.245281,.2130287,-.6242051,2.799463
"log2mic:rpoc_i491t__rpoc_e1092d",.0884879,.5827253,.1518518,.8793038,-1.053633,1.230608
"log2mic:1.lineage",.1560532,.1617084,.9650286,.3345305,-.1608894,.4729958
"log2mic:2.lineage",-.1953378,.0701451,-2.784769,.0053566,-.3328196,-.057856
"log2mic:3.lineage",-.135003,.0911902,-1.480456,.1387516,-.3137325,.0437264
"log2mic:4b.lineage",0,0,,,0,0
"log2mic:6.lineage",-.2667998,.8100829,-.3293488,.7418921,-1.854533,1.320934
"log2mic:2b.siteid",0,0,,,0,0
"log2mic:3.siteid",-.3861843,.0989131,-3.904278,.0000945,-.5800504,-.1923181
"log2mic:4.siteid",-.3071532,.1023826,-3.000052,.0026993,-.5078194,-.106487
"log2mic:5.siteid",-.3960996,.0915517,-4.326514,.0000151,-.5755376,-.2166616
"log2mic:6.siteid",.1350491,.0978382,1.380332,.1674846,-.0567102,.3268084
"log2mic:8.siteid",-.5602713,.0932576,-6.007785,1.88e-09,-.7430528,-.3774899
"log2mic:10.siteid",.1853247,.0980687,1.889744,.0587922,-.0068864,.3775359
"log2mic:11.siteid",.2356849,.8028159,.2935728,.7690844,-1.337805,1.809175
"log2mic:14.siteid",.4207661,.1385265,3.037442,.002386,.1492592,.692273
"log2mic:20.siteid",.5261304,.1324052,3.973639,.0000708,.266621,.7856398
"log2mic:_cons",-4.31905,.0768691,-56.1871,0,-4.469711,-4.16839
"/var(_cons[cluster100])",.1887325,.034424,5.482581,4.19e-08,.1212627,.2562024
"/var(e.log2mic)",2.067854,.0415609,49.75474,0,1.986396,2.149312
